idCustomer;PointsCustomer;flEmail
aa3eaf74-6d9c-4859-b733-5a18a3b2f71b;1008;0
2d3d2dce-d353-4961-ad39-46723efe2100;2194;0
5f8fcbe0-6014-43f8-8b83-38cf2f4887b3;10767;0
ca95ef2a-5129-40f4-acbc-2ced25940032;421;0
65662aff-44d6-4f06-b9d9-07445c6e5943;418;0
98b960e7-6b7b-45b7-b7af-60bca40e04b9;0;0
b2f9d026-0727-4125-b84b-c60af3148a15;4012;0
6e1bc660-02eb-49ac-aee6-592328504897;682;0
95ef4c1e-b21a-468e-b419-ad08333c4948;171;0
e7c79c1a-7693-4e63-a844-c755e0bc3bd3;2273;1
c4f241f8-2140-4f72-b1a3-904fcc51e38c;454;0
e407fad9-4f76-4c12-98ea-d70d1c8d0d97;1460;0
cf317911-6a16-403b-9ea0-ad9b90d44a1a;153;0
d92138ad-7b6f-4b5b-8e0d-5041fe5b943a;54;0
00a6d4c8-38e5-4e92-981e-4e4ac5084546;458;1
2fa14ef0-72ee-43b8-a884-8cedd9dae64e;222;0
03d75a45-0b36-4fd7-a84e-7b36912f1998;12;0
a59e2ccb-72ef-45d3-844c-65334964261f;1115;1
1fe103bf-ba44-42a2-9b75-fc7d9f9bd2f8;158;0
c7a4278b-de77-421a-ac17-43c8e8eef6ef;528;0
a2abd650-93a1-4c0e-a57e-485b7fadfa43;206;0
b76c3795-90bf-4470-a6ff-8005d2810fc9;869;0
f072ee1b-dfec-4073-940b-0264dbe408de;1;0
c51d1137-46fe-483a-b4b8-7f7fa6703aaa;0;0
6a7d3662-8ab6-43e2-a194-e7f1a58b996d;0;0
a36bb816-5ac7-414e-9252-98c4720839dc;22;0
43e2aca6-8825-46ca-85ac-ac76a461638e;1;0
54edd84d-73ad-4821-8d53-7ed04f00b2e4;758;0
5b59236f-a9dd-4877-a738-d56a77a301e8;156;0
aa47f1e7-1631-4b03-abd9-9309de45f81a;904;0
a1478518-6bf1-41e7-895b-355a06554b96;201;0
1370597d-57dc-46ae-9d2f-ac6e4a285c81;900;0
053f094b-a813-4417-9bb6-7a3d1737b089;7;0
7e158eee-407a-49e8-a1b0-87662b735e57;0;0
28980931-4ba6-4206-99e9-5ebbe0f28295;50;0
99431a0f-1f38-47ab-9136-445c7afae00d;3575;0
ed18130c-a356-402e-be63-15948e0e4108;58;0
20224958-4a8b-461c-a1b9-02080a55af96;100;0
5ae0871a-e31d-4003-8c1a-e181dab54036;759;0
331ebc0b-f4a6-4364-85a3-33f91743e2c3;602;0
df695821-6cd6-457e-91b3-33f988c736bc;695;1
3458efb0-0a7e-490f-8856-c29f9050d938;1701;0
34b1ea54-b7c8-489f-85f8-aab2a844c2e3;1024;0
596f1ca1-2593-46f8-93d3-272447fcafae;8;0
af4f97a5-90a8-4ebf-8420-d7766ad093ea;1044;0
c9ed7cd1-df65-43b9-a18d-f658936b1799;334;0
0368a5c3-bc5d-45f2-b8a0-07e74ea1574f;1478;0
be6ccf09-820d-43c9-9705-9fc381b682f7;205;0
4c77c153-19b9-42e2-a03c-04f43dcc6105;1112;0
e37e9fd7-73b3-44a5-9eb9-022fb6d39225;2;0
6dece871-c22b-40a9-a919-19a88acf3401;457;0
faf46096-5f3c-4419-befb-7365c881d2d6;0;0
4fade907-6e0f-4581-a674-aad6622b1b10;5513;0
f608acbe-ccef-4161-b46a-5a6f6a46a3f3;315;1
5877cf53-bde0-4bfa-b61b-0a09e5dd5147;646;0
df08af5d-fb82-4b1f-a2e3-621d845fbb6e;50;0
317476ac-bfe4-427e-b611-06cdc5e80894;0;0
f7a75235-e8f3-4763-9429-185ec3598b06;3873;0
82a5c529-3e9b-40c0-a662-f1a3c1939642;0;0
697396c0-502a-4ef6-9af7-dd08113a0409;845;0
21943df7-272e-46ef-aeb7-933a6637bfd5;1318;0
2a9d4ba3-4c58-47f9-8dc4-6f9cb50be1b1;4530;0
821134d7-f44d-4769-8c2c-b50e82c16099;972;0
aa643d36-5a4c-47c0-95dc-3ba49d9b6eab;500;0
219c530f-45c4-4438-92de-ccadf9981f62;0;0
ef5b5c37-a4fc-4222-bbe2-50c4e40fd997;204;0
43fe0176-a4a7-4263-9f45-3fb68e054430;627;0
6582b314-afdb-47ef-88ff-a8d5c28fd4a7;2659;0
c8cc7485-7a11-44dd-8145-6665e7c2f103;394;0
74c06e4d-0d4f-48f1-96af-a03c7b18ce47;450;0
c59f5c8f-1d85-407a-8456-646d0f6be4f6;125;0
e91dcc7c-20ec-4d44-8290-a67a6cc557c1;3091;0
71c0a8c1-f6d1-4090-a304-95f38c66d6b8;674;0
450a3f75-9c8a-4eb2-b39c-f718ec24f40c;7063;0
884e9674-31cf-43be-8e6f-0f9ee3696923;50;0
fbc705f9-bbee-4aa2-b74c-4ab8a4290af0;749;0
c4ade77c-f395-4d22-93c3-7a8031df9c6f;1663;0
15a2e60e-1eb6-4979-919d-f968a50d67d0;75;0
98953b1a-ae7e-4e50-b264-bdda6c3a4a6d;6313;0
a4e4f0e5-6d0e-4461-b13f-023f8ec7ac5d;0;0
8a106d07-1a24-47d2-9d4f-b8418d874f05;424;0
7d265bd6-76c5-45f7-8b53-a35a774dd9a8;694;0
566ff65c-1f2d-46f6-9fe6-6559866fa156;53;0
e4c33903-1025-458b-99c6-f4896942082d;1;0
d51777b5-002d-40cf-abb3-1b4a5c6673ab;0;0
4f4685d8-48e5-4f6b-823c-5fd61d7bd709;714;0
b0847d5b-c1dd-41cc-8302-b451c8674c0e;4669;0
7df60476-b880-485a-9430-ededf50a9bbb;1660;1
bd0ccd8d-87a0-4aa7-8f0d-31276c9b9b23;321;0
4d39bad4-acd2-434c-a965-88e6d917e80e;626;0
e7407187-d6aa-4a70-90b3-ac9f99589651;2;0
0af0bdf0-d17a-41bd-b8f6-6b3cef165bd8;667;0
429d1211-6738-455f-bfdd-0eed6b68e5f7;463;0
8237120a-3720-4523-9825-db3bac44b2e5;1;0
b158e1c0-6be9-40ce-9a92-9976bc14b678;230;0
b694739a-6362-436d-a3a0-08977b39afb2;0;0
871b821c-3bd6-4a0b-84e8-b005162ff348;681;0
7af74d57-b6ac-42db-8093-f0fa8fb9a29f;804;1
058d457f-9ffd-4426-a0f0-7aa20065a0db;0;0
30e5dd64-f51e-43e2-a3e2-6f6407658d2a;763;0
8151fff4-0b51-4577-ae0b-4622d244d324;2760;0
2b83b8d3-3f3e-4006-82d0-02521f1192fc;50;0
0ed6b09e-4329-4d2a-837b-2aad4796cd3a;586;0
0097ab76-4637-4ece-8ebc-ab6abd61d662;50;0
8265dee1-143c-4416-a189-d99261004b39;100;0
031f1b88-5440-45af-8fa9-1423a0a15145;0;0
5fb0adf1-bfaa-4230-90fc-5f75cb9e76ac;636;0
1a63ba6c-83bb-4866-a6ea-54cc4cf9bcb2;106;0
d332b0d2-12db-45dd-9d6b-addd75972c2e;0;0
f3da481c-cb28-42f9-96b6-759bb5e6e65f;27;0
eb54395b-ddd6-49f8-a58b-0f8c1789819c;153;0
12d53642-5997-4345-9b10-410a2d387466;2059;0
563410ac-325b-482d-b9ce-283fa710a160;0;0
3bfbc979-dcce-4331-beb2-31f5c38c9369;52;0
82a9340c-d2de-4b18-a558-612f80ac909e;81;0
a7f613ea-f216-4e62-b05a-dc19bcee73dd;0;0
7d53fdbb-2a7b-4565-b56d-0421fa76fa28;0;0
68be609e-0268-4826-99a2-2f62711c2ec2;16;0
2e4d5f68-f2b7-441f-9bfe-5b521165955f;100;0
3bd342b6-e5ff-456b-b8e7-8aabbe9f0a32;3482;0
ef1a209b-87c3-44f5-9307-e4d034374efa;303;0
9aba2685-7c0a-4d1f-8e22-0c47ca0af580;5477;0
7a4ace0f-1451-484c-9dcb-52f663a935ea;0;0
46119557-7ce9-488f-9225-47d539dd414e;3188;1
6fff56d9-010f-4a49-b6f5-090af35d403a;72;0
10ddac6b-0b74-4e1d-a624-898ef75ed653;382;0
c6ee1f71-a167-4430-9913-351219bff14d;0;0
803debdb-8136-4cb5-af29-dcd8db36bf2c;5332;0
c68f7dfe-655a-4561-bc72-0f1fb65dde06;0;0
cfd157cf-b220-46ef-b66d-456ba7db29a3;0;0
3744c69d-25c1-46a6-b178-ee5925f78014;1174;0
83ee3482-86e3-4cc5-a4d5-ed5ff0e8188d;51;0
05de679b-9989-4416-9aa4-20c149999c8d;1213;0
28abf0f8-0209-4053-bb5f-2c9211a858e7;152;0
c577784a-ab1c-41b8-bc22-6809b80ccc7f;152;0
919989b1-bd1e-4ec9-a03f-346a9098c348;154;0
53fcec59-e051-42ec-bd48-c71e0e4279bd;101;0
06d83d70-52bf-48a6-b35d-79b5357d3dcb;251;0
ec7d0650-7948-4628-a0c3-a0b27b7091ad;12;0
4e7eafad-5196-4d4f-9dee-23eb5c367334;651;1
ce61fa42-2854-42d4-b20d-e9348e9d76e1;2038;0
551a16d9-98c1-4247-9148-9beb45fae2da;51;0
7dbd163a-1f88-4d39-b94c-32856fd48021;1417;0
dfa4b373-d4d7-41ad-ab95-182bb052f008;1250;0
def273e3-6432-47bb-b67b-778e79fb0769;2;0
a891a2e7-99ea-4ab5-bd80-35644f6e7783;102;0
24782f0b-4683-4f35-976a-ea21d6714ba6;586;0
d7b97274-6212-4b52-b9e3-0745f63ac670;351;0
d94a6d45-c4ee-4bff-b4f8-c5c92a3c5533;0;0
12309bac-c268-4a7d-bbf7-bd72fd26c20a;504;0
9c909d1e-fa2a-47b0-8535-d9e44375f9f8;1514;0
da3cdc78-02e2-400c-9f17-2cbe3ab73d8c;1132;0
58762d57-2972-4551-aac9-7c13591bcae0;52;0
d7e7349c-f8c9-4ffe-9064-4b4f46b937a5;55;0
cd947145-9446-445a-b3cc-33b6d0e84f46;53;0
a3535a88-01fa-4788-963b-a39fc267ce4d;53;0
ed84a208-e90a-4372-bc4c-be0e0bb4e8a4;478;0
8cf8e162-bcf1-4a68-9ea5-44ec75484734;1782;0
8ad464d3-551c-4af1-beec-c5e19061e127;454;0
d0b29e73-8bcb-4999-8f7f-53a74a1fddf1;59;0
bea8db84-89c0-4620-8d8a-cd8bd8969485;0;0
5f4d8504-0533-45f4-a4ac-0dc614a2c318;9;0
70459139-705a-47b5-a8d3-97d1db1d6565;340;0
a32f0760-1d8a-4693-bcbc-5ea4dc4bf997;0;0
6703199b-66fd-46ce-991c-990ee721755b;0;0
467b4896-20e3-454d-a88b-f65d6fed0bc0;101;0
d94f1c09-e02a-4f1d-9a0f-ac35a459f2aa;59;0
200e262d-74f4-439f-88fb-0cccd122a3a5;956;0
64343fda-f940-4733-9cda-49d3e14f0362;306;0
b7a4bd03-8107-4852-b343-f464e380ef4f;551;0
6e81c9f9-e511-45c4-bee7-c22b7c0e9ba5;613;0
b5293a45-7a59-46e0-97fd-af3ecd159537;54;0
f9c499cf-c6c7-48f4-9dbe-1a1e6c20205c;51;0
c03280e1-0586-460d-a1fa-245798b5e30b;356;0
9f33c095-0c1a-4351-bac4-8fe72dc16716;107;0
d7a6e3cc-b344-4234-9cd3-1ae3d9772eb2;573;0
5ae33296-4d38-4786-b02d-777e3f894cb7;280;0
7a6fcb1b-b6dc-4541-9b11-79931181215c;8;0
01f3a765-a092-4999-be4b-98fc5404653b;1;0
161bf8aa-33f9-42a3-b48f-97199c8370d1;466;0
6dd76604-2c74-4e26-874a-94bf0df7f97a;790;1
2ee53164-1ee9-4e17-9277-b3f158e48e7f;1150;0
6abc3e4e-30db-4bce-ba94-9b9c811538c9;254;0
044e95f2-8756-42bd-a0a3-d50708beb8da;1510;0
dc48fa97-9786-438d-91f9-77e6262dea42;66;0
444e5a23-d896-49b1-929d-4c5cb4b2c232;50;0
131eedc9-fc22-4f49-840d-701b18f5c09a;311;0
1f42436f-9108-453f-ba5f-74f00d20240f;409;0
04c0099a-17fc-4535-88c0-36251c16b582;57;0
86239e60-14f7-48b0-ba37-062fe97b2034;149;0
384448b7-3b0c-462c-b2f9-d3a3b2ace4cc;113;0
2625a00f-9aaf-4605-9baa-366c5e18a095;182;0
2a97ac6e-b50c-4ffa-86a4-80c16f7ee972;109;0
b1ae9536-c6e4-4b88-a852-1561341c092c;104;0
012bc897-e45c-4e6a-a742-7e00fa2e59e5;51;0
efb1074c-2789-461c-9b29-5dad22727fbe;50;0
d9464c76-9d2d-42af-86a1-955880d98f5a;242;0
3e9a2bf8-e09f-4417-9ff2-5a65fd1de2ad;190;0
3671c38c-109f-4dfb-ae09-aa7667b1c597;56;0
4b663b17-fb72-4880-b83c-f08f1ec82fc5;948;0
bb1ab728-1590-4340-b2a1-57f28fb9ab66;60;0
10d18590-4365-465c-8174-311c38d3a548;1733;0
d27f73a2-e9af-4a5a-bd5b-89c6601046ef;51;0
60e4a326-fa36-434e-a0fc-7c81ff780f8a;69;0
7be4584b-288b-4027-a2fe-29d206313917;4981;1
f8b53480-3dd5-4961-84a6-4e1967f5aa81;52;0
35b4a519-be61-433e-a848-50454c185277;101;0
9c2d9e8b-302d-4de8-bc42-dca0efeb666d;138;0
53e42968-4b4f-4616-bfc6-8cdbb59a9a4a;69;0
45ee064a-cf3e-4bdf-b222-6d0ac88199d6;51;0
949e8027-ae59-4662-afce-4632bbf2d2c4;110;0
eeae9e4d-d61d-4aa0-9876-55a8787963ac;155;0
bb1a4fcc-630e-4c66-b071-e379c8cb345f;242;0
e53b103a-1b35-40c1-80b9-f92026187477;0;0
70568f71-d1b8-45c2-866f-abe5ed8911ab;58;0
0ecd4659-2e4a-4598-8d3c-23148262f4b0;54;0
284e3274-74a7-45f4-8d1e-541517e62ece;202;0
8b39c55c-9b84-4fb7-b7c4-7324cf780002;128;0
1eca2920-f444-4785-bbae-d4a0017ba873;460;0
69e9a7c3-6f64-430f-96ee-eb1548eb6aad;125;0
31e7facf-ee9e-46b4-9667-abc8385a1702;51;0
e64aa9d4-7543-4420-a5e3-a769a9454497;50;0
b0bb0bd1-1e10-485d-80e1-54370b7ef21a;143;0
326ce9d4-ce4a-48e6-90df-d1b7c6e58153;1052;1
cd0a5a19-b4d1-4508-b535-5ab4136da380;50;0
e5d834db-e02e-498e-aa7c-7a9dc8d35d2c;50;0
a6cc4ba8-3d4b-4f6e-8588-418c11ed095e;2315;0
2a300d53-ecd1-4e94-8e8d-515f485d0e6c;50;0
381fadb5-b53f-4718-bdf1-943866077b2d;511;0
b3d47127-6467-40ff-8fb0-a4985673b944;101;0
17a8b42c-6885-42d1-9bf6-015622042042;198;0
10f96270-be3d-4487-85d8-843c21f0fe77;50;0
5a226aa1-468c-4f67-96c8-e60653ba2fbb;50;0
2a1c8a11-67c7-4f6f-b005-a3756d4523d2;66;0
5354f2f2-6d04-46e5-889f-956c7aa09dc8;457;0
4a1d4be9-a067-47de-a3c3-c13884db1851;213;0
8694f99e-5b55-467e-82d5-0e0079cd664d;922;0
9803ea9d-efb7-4287-a036-bae1bfbb8fa0;100;0
7fe576d4-837d-4825-b379-906259122463;102;0
4b014dce-83d7-434c-b549-475ebf8415c5;105;0
bf4ddaa8-1c08-4212-9c64-069af66a3d54;359;0
65e54e94-4255-489a-948e-10a4da9c3029;308;0
de5eed84-c96e-4fb8-bf25-33c1b7230ccd;50;0
78a48b6c-979e-4ea2-85c8-78db87685bac;50;0
9d91d2fb-8f22-4556-b1ff-0e199363bf0c;125;0
b1d6f305-ddff-4a75-ae4b-7bdfcf082eab;50;0
252a0923-3f79-45bb-b664-3040235c6c58;1397;0
3884c92f-a635-4b67-9e5a-97730829cdca;114;0
b424b1e5-b549-4e9c-af55-118925afc5da;823;0
21c630c4-3099-4a7b-8f8a-4579c1abdca7;1837;1
8dcf976c-c817-485f-97ee-c0bbd9fd657d;54;0
bac46d3a-5186-42f7-8668-9ed8931d3148;205;0
7e17493b-89d4-4c55-8bed-4effa5160a3a;1;0
9477a7ef-b635-41ee-a437-084a90f1064e;509;0
db178922-7271-45f5-b2c5-15d7ce9c4197;111;0
5b175133-d13b-45d4-8ca4-7c95230f13ca;111;0
13e42683-f0b1-4154-81d5-82025f82bd43;103;0
d0c276c5-0953-499d-a130-85f5d1279612;110;0
71c4529c-1c59-4e5a-a3ec-65c726306eaa;50;0
1e67434d-0133-49e4-9919-c1873542035a;151;0
89af1f57-f17d-4021-b230-46496908c1aa;108;0
a4b242e4-c2b9-4dc9-8a22-5bd950c8be84;51;0
8076789f-07af-4e96-a055-13e90c747c5c;1;0
fecbdf63-3bf4-44e5-8b1a-0acc9d963603;111;0
678bc295-4df5-43fd-8253-edda5615aae9;50;0
fa992170-37d4-4c84-90bd-6d2b2eac5618;122;0
b88f7acf-5c33-4549-ae11-2f0b3ded6b43;115;0
7adde851-797b-411f-ab0c-f2f6a01bd7e4;2;0
38b5a905-9b56-4847-bc01-fafb144d754a;113;0
788fa8a0-575d-4ca9-91ff-6ce7ab42ea32;150;0
c295a1ef-46d3-4cd1-9898-ebc993f5a6a6;58;0
d33f353f-540c-4ce3-ad3f-e0dd6340b594;100;0
dc53f33d-a121-407f-9cdb-da2de83bcaa3;129;0
f68f9e5d-2243-4dcd-9640-f5a25cd2acc1;1652;0
9c49a075-02a6-4a14-bc38-7b3bf18aa723;1994;0
5ed09fff-c0eb-48db-b6e3-20ef238e8b5c;2889;1
c27bd13a-5a38-46e9-b6d0-f9584ebe2039;110;0
2e831413-2bd2-4e91-ad83-8f7742506c77;50;0
b13d589c-8017-4481-81b1-b99bf935b949;50;0
870763d5-0b10-434c-840e-b1347523760f;119;0
d37bc550-dde0-470d-a19a-7e7c287a985b;1;0
0783d883-f10d-40d3-885c-5f3dadf8f276;119;0
d9cf4da4-e04a-4310-a968-514a00fb3458;50;0
e2193a65-7851-42ce-b36a-6bd028a1ac78;51;0
9f369c6d-9509-4723-8e6c-999045e07920;50;0
2aa71ff1-515b-4d18-af92-fa9389a63cc5;252;0
91009f87-e4ab-4d6e-b965-a665e327aaf3;15;0
bef9264e-1e65-44ec-a56e-3127b77b121e;4;0
761ea46d-5aec-48a3-b6f1-05f1902ac849;353;0
dd5046b7-61ad-4faf-a4ca-d37f3c8bc431;54;0
f3b847fe-cef8-4b6f-836a-cee46e96d46a;107;0
e33e2ae2-f396-45cf-8cf6-fef5407f49fb;0;0
a309cc31-1a36-440a-b5d8-67dd58aff38b;52;0
2d5e52c9-1a65-4d31-9ba0-c441b3ad9824;254;0
f46b7c0a-f576-469f-97c1-3cd681a72861;0;0
2ddd2ecb-b06a-447b-afd3-ef19987be8b2;50;0
64d81faa-a9d4-44b5-a925-f5791b7dc3ca;50;0
82bf934b-577e-4d06-9148-b758656e2d36;2749;0
6a143f4c-dea2-48df-9772-6f631dd86789;104;0
41cbe7cd-708e-4b69-b627-50148a3b5ee2;79;0
e1e40be7-1637-40ea-b278-9c6e214a6f9b;651;0
927cac17-061b-4ea9-96d6-b66f7d9fd676;0;0
11605b63-e9a1-4812-bab8-1f25197cb83f;0;0
f27f1125-9635-44cb-8066-5f005304c717;59;0
086bc05e-8aab-41fd-b15c-3d5e46ebefb7;213;0
71357423-31c6-4566-bb51-9f8cee5064d3;234;0
c0177658-840c-48e2-a670-fab7592c382f;52;0
20bd648e-1f72-4eac-891f-19cc18bfb14e;150;0
77ca05cf-5968-4398-8032-01c061d0df79;136;0
f3a350ff-39f7-4b7e-8496-94470f4ef2fd;1;0
69120bcf-9ace-461d-aa0d-024a4d1e5a30;3;0
3c17dbb8-00ef-459b-ab9e-3f52bb62c39c;1041;0
b5d04277-3745-40b5-84a2-7e20cbc7d8ba;480;0
3534973b-223e-437a-9d6c-ab196d35649c;127;0
37b50721-cb1d-4670-ae60-5d54ff5aaf8c;1;0
3d2e2ebd-a606-4800-94d7-8ea656655a78;411;0
ae4d0b0d-ba15-4230-b361-607335fea41e;154;1
933a9225-7a00-4981-a632-5ef4c7528602;152;0
dd627d2b-e81f-4f2e-97fd-9964561bd335;780;0
711af125-fa0f-4680-8bb3-421b1b4bcd82;9;0
7bdba15b-8180-449b-8307-5e82dbb8726d;723;0
8d9cea56-5180-4815-a832-5ada2b512a17;927;0
26d66102-507e-4d62-a994-82e57be1f38e;241;0
3ed698a1-a7bf-4ad4-b69e-01223d9ccba1;61;0
c3454a19-be36-4063-9ed2-a42a4c6f10c1;110;0
1a9d3d94-d7db-4b9e-a4ad-ccea7177deef;102;0
0676528b-8214-4832-9f82-0383b61dca07;54;0
918f9b8f-7f15-4823-9ad1-a69db1c40414;87;0
421426ce-b96f-4b90-b589-f04d4d5c5e7b;0;0
184af1c9-a665-412e-86be-7d325c3a91e1;51;0
832fc9a7-6f15-4727-93e1-a9aaf29d97fd;51;0
d217b9b2-91f2-4f8e-922f-66a5cb51ac5f;0;0
3f7f4584-bcbf-49f3-86d9-89743a34a41a;53;0
4a45da02-85fd-495c-83f0-f02612235417;0;0
7e774d02-2716-4d22-97b2-14aa303cd1c2;1033;0
487cb216-6fca-45d9-b298-1dff756100a3;156;0
9da08534-cc1a-4b34-981e-58cd4c96f08b;50;0
fa67e1f3-c5be-46c9-925e-84c709820d9b;50;0
397170d0-05fb-4e36-8dd9-8caa30a42d82;112;0
986cc0d3-ce4a-4374-8b1d-3c4f85ad5349;311;1
84ebaaf3-fffd-4240-8c5c-66f13ad2d885;50;0
182b7bc1-3e07-4962-9eb8-078d128efec3;0;0
26fbd9e1-02ab-41b0-b493-43edd0bc7d20;53;0
135d7c55-3c7e-4c7f-b9ad-2d335c5a6fdf;53;0
76eb6d2b-ae48-4865-9927-d0750f289080;67;0
e617ba66-d354-4550-a289-20b9039c697a;101;0
a69e33a3-3b50-413c-a2bb-96dd5cb28511;0;0
f8d62abf-8c86-47e4-bc88-923305df2216;100;0
5e27c376-075e-41a7-91a9-06c03b689c70;56;0
9a39e822-8e25-4c0a-a8b2-aa0cb0aa9d8f;52;0
014b7774-561a-4a58-93d7-070667df90fb;126;0
11d0932f-c762-4d6d-b6d6-dd38743fcd46;54;0
ec5202a6-14ae-47d3-885c-4ba731d10d0f;267;0
025f30ce-4b1b-429f-b92b-5b3f7003699f;50;0
fbd9b6fd-0b1a-436c-822e-7c4dd4fe0c70;50;0
a9568c66-1430-4a80-a765-e9690a5a2030;50;0
45b06413-9293-453f-ba4a-c7d91beac683;51;0
2bdc5d64-d11a-4032-ae87-9c0dfe24095c;50;0
ca2f06a5-1d95-40eb-a005-6cac9653f392;0;0
f02b0d58-17a4-480f-8b5d-d18d1f5dd527;66;0
fcbb3e3a-e147-4a13-9f24-80e33f3ae194;387;0
f420634e-7049-4565-a2fb-1967a9831848;0;0
c026a5a1-d6ea-45a8-a8ed-8822943c2e90;155;0
4e931d86-053c-42f7-a2eb-18024f183682;112;0
98df57f1-9a9e-4698-b3b5-29cd470d47de;100;0
8f70494d-a8e2-4dbf-9425-a0af80fe26ec;101;0
95a347c3-063f-4bbc-b7f5-ed3782a53a8f;0;0
e3bd16fa-ff94-4a76-bf60-93ff8744d83e;1349;0
048f3edb-eeec-4105-8849-0d7f21013add;683;0
ef872791-68bd-443e-8ea7-54987bedfbbc;100;0
3bab0b89-47b6-45cc-bafa-aec1962c6dde;100;0
5d62190b-e070-4867-ba93-7114661138d6;57;0
e11a8817-30f5-417d-9ee8-e227fd20cdcb;207;0
9a2ff4cb-b511-4c6b-af88-eadf709a7e40;53;0
2a9d46a4-b1f2-4f27-8f5d-66afb935af68;50;1
c82effb8-3951-4752-b834-d42175dcae8b;1065;0
f0af7e87-2a98-45b8-b70b-9ee6320b44ee;50;0
d1fc0041-ff07-4771-b9de-6af785270fa1;155;0
27e740f7-0789-4199-b15a-1b982dc7aa1e;50;0
0f0a175d-b72a-4347-a0ce-1d8c7c92fb11;51;0
ce0f9a00-3862-40ee-84bc-1aba65c19e15;1400;0
a3cff0e1-e81b-4110-876a-6f7485494702;455;0
f8b5c3c6-8c29-4dba-86da-abb193814fce;50;1
48202b85-7b5a-491f-aa00-b7d26086131c;52;0
c3bbfc66-7883-47c0-ae59-f7c1efa7aaa6;104;0
498e50dd-8541-47db-9b38-d38d63d2044c;101;0
2d7f6b3f-9366-44c1-9663-beb5f7e1254e;4970;0
36b941ef-6297-44cc-827b-b9fb53efb2bc;531;0
2a3678b3-fd5e-4676-a4ec-cdf90a0ad2da;52;0
d11da85d-0a47-460e-bb63-288645044458;52;0
c2c87bbe-1817-4262-9035-8113ee577d05;151;0
7cd2bb20-4b55-4135-96ec-3e64415d8c69;654;0
c2fbc377-664c-43a3-83ff-3e529ee1bafe;50;0
c18cd53e-ef78-4c68-b21e-fc4559310439;55;0
4285b529-8acf-41f3-8ea8-3bd31d90dbbb;202;0
f6294127-af5b-4e91-8195-e00765056e0f;51;1
b5a6c53c-edd4-4aa3-a723-6573df24a95f;114;0
e6dd2f10-61dc-4385-ba35-b7f4831b55f7;0;0
3aed7014-dd3e-4958-ac8b-97ecba810a0b;5;0
96619ca3-9111-4820-a50b-9916c212a2f8;1864;0
2eee0bb7-77ce-46c6-806d-2e186e948fc0;50;0
46d6f270-fb6b-4f0c-80a5-fada7f796fce;1376;0
ce22a2c4-3f5f-4248-9d2c-286c50033925;150;0
697adab9-513b-4f67-9cfa-b04fcf7c6baf;203;0
1e686f9e-cbc7-49c1-815c-1b7633cf5cf2;51;0
36a9834d-c55a-459e-aa81-7ae5b8d8376e;100;0
58a4cb1c-e1f1-4906-a86d-59736a95f50e;227;0
d7f869be-d47e-4980-870d-534cde97c00b;0;0
194282ca-358d-451b-9c86-30d4c797c231;2664;0
342e1fb2-8c79-4716-b304-9699f3cc8f97;54;0
dd07c211-ba13-494c-8d75-b28a5180a872;0;0
2040cfbb-150e-4a90-9482-4154b4567750;5;0
5a9490c5-6a19-42de-a09f-9e73408bc7f1;102;0
6c7b3b02-8b47-402d-b6d1-febcdda4c4f7;53;0
f2f73b14-bdf5-4302-bd3a-acf646ac5d9b;500;0
6d9fdde0-ce36-4d12-90ef-f14a4b712866;50;0
da9bbbc9-f995-413e-8825-ce1def7676e7;102;0
8a6d27ef-7fd0-4b04-affb-c78c40c18e55;200;0
ad57c4f2-0af4-49cd-96fb-02ab648e4515;50;0
d6f92668-964e-462c-93e9-25e7771a5852;1402;0
e651bd42-bad4-42ce-a402-a3907f98b9df;51;0
c34fb037-353b-490f-97d0-26dddf36f56c;403;0
45bbf295-bf97-4f9d-9d9c-a8f76c328608;13;0
0cec974f-3aac-4ff3-847e-0d157f367d6e;100;1
37208871-4ac4-4535-80f5-88edac047646;386;1
262bfa89-141a-46ea-acea-290a6a8bf89e;7;0
ac44cf40-f248-4ef8-a6b9-a4f833c6c0e3;51;0
253d96f2-3520-46e7-a3a4-5f7c5c9a7414;121;0
b4bbc54e-90bf-4fbf-ba9d-fd094bdf4aac;55;0
b9ee9c52-94b0-497a-a105-79c2f3285cfc;155;0
2a987450-6743-49ea-a7c3-2af9f52ee3a1;50;0
d9c66692-a570-4512-909f-db8aa8de202c;119;0
68dcec08-895e-4b52-b016-752038f7e2a4;1160;0
0705ab51-620a-4093-8771-9e7aaac39e0d;450;0
49387367-bc77-4164-9bf5-88b9b10785be;0;0
cfea5dcc-3405-4f01-aca4-5942e8e5cfbd;206;0
f64e033a-8407-4365-9b37-a4e67f9133f8;150;0
066c9fc6-f704-4165-a8f3-3d1968b0d4a3;3469;0
c401a1b5-d509-43e9-9eb1-c56bd9a3d5ad;0;0
9a5e42e6-60ee-4882-b1bc-5a0e65f49901;117;0
2cf08468-f3d1-4f03-966f-1e1a98b09ad9;0;0
75792660-3271-4dea-afa9-88e862ba54e7;454;1
de578185-9e5b-4036-b7a4-d17754f425e8;58;0
d1b6e0cf-e781-43c9-b542-1465b4b11cbb;53;0
57df423d-8502-4be5-8e20-838a5efdfb65;53;1
1614574e-7b0c-4a7c-90d9-ac53b7cf885f;50;0
7e81a49e-6b7a-4522-94fa-8f537b681ba3;345;0
9afc4107-6d07-4a0a-8a6b-80f682db7c9e;50;0
c29de769-df6b-4e71-a2c0-1dc5bfc24f15;100;0
ca406ad2-1e0e-4747-bb19-54d62bd791d6;255;0
21038105-6ffd-45f1-bcf3-19feb6ba48f8;61;1
271543ad-b1e3-455c-b93d-5b5b8a0a0359;152;0
c52fb72f-b3dc-4650-9182-b08b5ed1420a;513;1
f04eeeea-7b30-4aca-88f8-2bf94c1e6e9a;210;0
51c579d2-a559-4a8d-8bd6-7aa387a6cced;201;0
8cab4678-1a00-4a90-88b2-4e2f9b70ccb0;0;0
52e4293d-0b9c-4215-be0d-e0d63e3536b3;926;0
d627884e-f61f-4702-ab5c-3482fa724db5;66;0
be2c0a80-d297-4c6a-b77c-dae257add9b7;59;0
1305a67e-2b1e-48d1-ba39-0380ed7066ed;359;0
46376959-58a7-413a-85f3-8e0d6bd4ee94;50;1
50bb7b3d-79a1-45c7-b4e6-ba698cd913f7;7;0
42de920f-6a74-4462-8a84-b0cfd9d60341;0;1
66c2abff-5c79-4b91-842e-740b43f3e6cf;1;0
cf0630b0-8ccc-4f10-89dd-db54e2eab0da;0;0
e1f1fade-c7a2-4033-8d5c-462fc21584bc;0;1
2be90f37-9d53-4445-9e91-547794ad19dd;50;1
5cf6826b-2f30-406d-bdca-0c1bbe99089f;0;1
5c4f022b-463b-4112-aac3-ff2b4ab70b79;0;0
1586adc9-7ddc-4642-a9cc-42ad2ff058b2;0;1
7c372dd3-4c2b-4ca3-92f5-de306f84d1d7;2745;0
0fc14e6b-3320-4686-9064-792a208c1bfb;7;1
d02e00fa-97f8-4658-93ab-f77321689e99;54;0
3c7a3611-03b7-488b-864b-23ba2520104f;1;0
126176bd-eb2a-4c3b-a414-e838e1fb3999;0;0
b5546b1a-eb0c-42d7-84d9-ee612170cc2c;10;1
b8585fb7-9338-4f00-992a-07cf857e6e14;51;1
c39e3582-df2e-4131-898b-6a534769d434;100;1
609ee8fd-32ea-4479-b891-e860b6bc841b;50;0
8fd4bb6b-5c29-4241-ac1e-52786323369f;321;0
3b7bca96-db86-45a4-9c0c-fb1f410f8655;1539;0
33246fd7-5d9a-45c9-aca0-19efdd66aaed;0;0
4798fc2c-ce20-4fae-90b9-726fd0bd242f;0;1
af5df34f-6723-4f02-b009-275190f626a1;0;0
1a5c1230-8a98-46e0-b89d-0daad3faed92;100;0
650596bd-ebe7-4471-99b1-e429513e6b46;0;0
2f6cfdf9-b522-4217-9b87-c271bad72884;200;0
3baabacf-2893-4074-acc8-9ff76ea3bda6;1;0
2d228697-7f11-4a40-a7a8-16ee5e1bc1a9;516;1
238b17f5-1d85-4ea1-b9bc-0975a09b5aec;1400;1
a9d543e8-e700-4071-8dcf-0c1adc66a348;152;0
ea5e6c71-7e1c-4632-b4f7-13f0be2181d4;123;0
91f3934c-7634-4d07-bf8b-55981b60b16d;808;0
65fd481a-2c99-4620-b12f-8f5c19ad7ad5;50;0
bbde3998-cb85-4999-9c87-556af25c9368;3;0
d1e6f7f4-583a-41e0-bb27-b5f3fd78ec56;208;0
4ebdf6fa-f4d8-429d-bc39-7439a2b60c2f;50;0
55614f1d-0b09-49ee-9610-66dedb8c4322;50;0
0e61319b-1693-47f9-88a4-c96116fbd73c;0;0
bf1456aa-cc36-4371-818d-8a75abbdf788;1032;0
71eeacbe-87c0-4c25-a59c-adfb121267b2;622;0
c3664340-73b9-4da5-9d29-3defdfae4cd2;300;0
4c9e4d6c-b745-43c6-aefb-51c206f0d9c3;266;0
210b5708-5c82-4260-93fb-3339c7b2df04;5644;1
ab1b6e56-cf08-4f31-bc43-3ad56dbfdc2a;502;0
4ae7fd3e-d286-4156-ad7f-553e46c683ea;138;0
828f9635-a948-41bb-9b4b-ee96a96c1371;2;0
a7eede08-ae50-4c44-af3b-9eaeb5765460;1600;0
17c46e8e-f7c5-487f-9c93-4e3c7c943460;51;0
cacbbe2e-a825-4ed3-8d84-2673af0ddac2;103;0
f00cab8d-1c96-4e8e-9c52-f7ca96b4b321;614;0
e95380f9-63ef-4bc3-a589-086b1bf0eece;510;1
387a1f2d-4bb1-45bc-af27-e140e7366f7e;1082;0
bd49ec1c-964e-411d-bd43-6905a12f0b59;555;0
c43e605e-77b1-4589-be93-aa6dd49b2f5a;105;0
7107771a-0558-4aaa-a66e-570205a7f367;3757;0
3f55b86f-dc21-4ac8-8e89-7c1535359eaf;581;0
074f10c2-b7a0-4eae-9ec9-aa3bbaf5ee0c;214;0
ca254e4f-c958-4567-9786-c6b9759f4064;1204;0
850b2870-f399-4640-92e9-7d87b6567e68;1032;0
d29f80a1-584b-47ec-bd80-e114475a7722;0;1
21b7da2e-2a55-45e7-ae1b-e445614bdcd2;50;0
eceafadf-e517-4d4f-a807-5dd668b6661c;51;0
40f624c2-57ca-447a-a7f4-80464a3e3970;100;0
f5c987fc-fbea-488c-8335-02dd53f66d45;425;0
7645082c-11f0-48a4-aa24-d5dc7ebed156;50;0
24ef9aed-ab90-41bf-bf90-88d17210d1b2;628;0
bafe76c1-7463-4745-a7d3-4ce24c03266c;4116;0
fa3e0ee8-a313-4427-bd13-a5d5ec35c6ad;50;0
5606fe10-3665-4b8e-813a-89e972e1a8bd;52;0
072ee7ee-abbf-4f77-b8ac-8e2c17493d15;100;1
b582a8d0-2823-489b-ab80-12bbdf42a06f;2548;0
6fabc9bb-8ab6-4d0a-92ce-a288db7aa597;53;0
6540f919-63bb-4e8d-8dfb-2f9904a29bb0;51;0
9bd82003-7d1c-47c5-8bfc-4e5768ae981a;160;1
ca61481f-6259-4e96-bd5d-a5bca1637f8d;562;0
dae2b6ea-186c-4d5a-a034-dfad012cff95;332;0
16171674-7e2c-4849-aa39-bad749ca9665;1305;1
d1070c6a-4075-408f-8011-26a9995f5bf6;1313;0
30d00626-d497-4f5a-831a-7b6b1617df07;0;0
ed034cb1-ea7e-4e22-9221-dd069037a701;773;0
c4e1ed9e-b918-4261-bccc-6b7725b0ba67;14;0
57724609-f3b9-41c8-8249-079cddfaa762;0;0
29d06dc5-b276-48be-ac4b-3372e05b246e;0;0
039371da-962c-453b-b9d9-20859d426458;201;0
6fd7a291-72ba-4d60-b75b-f47ea03718ac;52;0
81e1476e-638d-47fe-bc59-95a22042aa9e;153;0
1708996d-9c04-4503-a8c2-dbed861f3796;50;0
26f05056-1ee6-4cf3-be7f-1058c1928b9e;2103;0
852508fc-89da-405b-bd71-4264be44831b;697;0
cbf2b8a9-c58e-4e88-bf25-bfd8f4c16452;752;0
87040a44-0e04-4cc1-ad91-072d167b11b1;4275;0
fb3e3d1e-3e12-48ea-ba61-ce8aaec0b231;415;1
4f78ec64-1e38-4f7d-bcd8-5f3ecfd186fa;50;0
3275f44a-4dba-42e9-8fed-cb1d207f30d6;50;0
b20a16b2-6d9f-4c94-87cc-6bbecebe504e;50;0
e768089a-12e2-45fb-8d81-dffaf17633ca;151;0
a4afa47d-6c37-41eb-a435-b63fc499543c;54;0
0f744fdd-cb88-4ba5-b32c-7ce351e87c2a;154;0
c6e76fd7-ff73-435d-9564-3b86926ddde5;150;0
0586bad4-0312-40db-857a-84eb23c37c9e;0;0
25e99530-d611-483c-81a8-80525ec08708;50;0
0fd403d3-60b6-47f2-a1e2-e6df37b49184;520;0
0994a81f-9865-4356-9e82-c9e8d2881672;153;0
9cea717d-9edf-4740-a06d-41597784da46;0;0
4c915b76-878f-471a-a6c1-e418288d51f7;0;1
174b949b-bcfd-4995-9fb4-7385e7e17fdb;541;0
12085c7c-3e39-48aa-b654-557d9728f2d5;150;0
5666b127-f796-4b9b-8b82-25d5fcbca816;162;0
ec4bb814-b931-4f88-96f7-443a745fb697;52;0
eda36d2a-3550-4499-96be-2f3604a58049;1116;0
edc875d5-6b6c-4a37-bf2e-0aaaac396701;1136;1
1b5952f4-dd78-4001-a6fc-93ce6d2fe448;851;0
de47ac90-3908-47c1-9097-fb4f70bf707d;55;0
02adccd0-1559-4f7d-bc92-02ec73e68773;102;0
33ed21f0-52e1-484b-bf59-44d9d834b282;400;0
ed298ef3-a3e4-4d50-8b48-57f9b745e335;1625;0
15e8c04d-9cd8-497e-8e71-f27e70df1427;657;0
cdfe7f76-5f11-4d96-91d8-3eff41942c78;102;0
d62818f5-c3a1-47b6-94f5-f41b607b72e0;613;0
b15fd43e-8e0c-4777-94a7-387f46aa9d1e;50;0
d68a4667-b8f6-402d-b7b6-ee2b4c0e5d13;52;0
882618c1-e69a-4e77-b01e-01af0e9faa84;201;0
fe59fd95-d131-4d50-bb6e-10cdfa7d5f47;378;0
fe348fe6-a2f7-4f3f-b932-c10ad0b5692e;256;0
a12533fc-b088-4c4d-a0ee-f32b3af4cf38;3;0
c0c968c0-9273-418f-a616-67e26ee9978f;0;0
5843b3e0-8f8f-4c32-a843-94bd753e0b71;52;0
41bb8c47-4ced-48f4-8410-68d941663893;168;0
824b5fd7-086d-4886-a417-15dff8307319;1716;0
0becf997-a205-4d16-8235-c9aebc525c2e;201;0
304f91f3-8cb0-40e2-a24d-a9491fb0eb82;352;0
7873c833-ad27-43a3-96da-5a550e968085;256;0
3b3e87ca-d728-44fe-a1bb-9f0835cce85a;100;0
3886769d-9a23-4165-a497-67a4021aa139;51;0
5e74ab96-6a1a-48c7-8240-08a3845486a8;0;0
0fc3524f-c21c-494d-bced-66766a2f239a;765;0
a01b0f17-ce52-480e-a678-8cf8a8f3be67;468;0
31a8e7d7-4bf2-435f-bf78-65e5c936a38c;407;0
427ff019-64d8-4a31-bb75-e308845e96a2;50;0
0b0bda4c-a9de-4c38-a47a-86b6123163a3;0;0
065194d3-d70e-4fa1-9035-1808d6e222b3;106;0
3fc22625-bbce-4bd8-bf04-563189720e38;269;0
d5278e80-eb4a-41d4-977b-d5d1ec87f0a9;53;0
404795d1-6627-4f18-9e0f-d07595dacbfb;5;0
9b6ab38e-904e-4f53-b4e5-cf58762836af;150;0
76a79f30-c09e-462a-a0c3-a29b1c8d1aa2;158;0
cb9fc6b0-4278-4df7-81fa-3f6d7b11247e;1;0
22818471-9df8-41f0-a7ca-872fafe94218;3;0
04b34e7c-926f-45a6-a521-bfb4631f7bc6;5;0
9ee6648c-4d28-4d55-9762-948376b3df70;450;0
7cfbfa21-6979-40a2-ab88-e4e5c2697aa7;128;0
43327cc9-4439-4d2f-9556-999151555c31;57;0
b69db98a-fbbb-48a9-a0fe-364ea9a785ec;50;0
e14a21ac-8e44-4133-994f-bd3ffe0976a4;673;0
61466336-50d0-429b-8a3e-dc3ceb0a1421;788;0
9ede91a9-35a7-4b0b-9781-607eb6e34ebb;315;0
08296e7f-4af4-484e-8b24-ac48889e011b;118;0
5bc8bda3-fecf-4dfb-a154-fd7ccf24e5d0;876;0
765ae565-02f6-4f9d-b744-aaef0fa4dc95;55;0
6e4dae99-6228-4b44-b095-413aea4f6195;177;0
e68259d4-3d89-4666-ae75-7b853927a54f;713;1
c104f2ae-961d-47de-b8a7-6c44dd57b5b6;208;0
759defeb-0d8d-4089-acf3-66fc45139185;236;0
0b76c105-e036-4cbd-ba70-d334f4fbca81;250;0
107b2245-3810-4177-9813-8696eaa1cb8a;771;0
bb98ea93-5558-4839-bf50-6a39a63ef914;458;0
b72a70f4-db8b-4d49-b129-0ca70d985b65;552;0
0fd197c4-17dd-42be-aaf0-32e4346fec27;125;0
37a9c439-16aa-48cb-8d53-016aea5f2128;1082;1
04ebbfc3-0ac0-45fe-84bc-f4aa07ab46aa;626;0
c02c3c8d-6d15-4c3c-895f-3fbb2267f471;510;0
7a4170da-e706-437d-ad90-ce97e86319a4;51;0
c474d938-69d8-42fe-b009-0e46b01bb726;166;0
28214597-a105-4e02-827f-8937215fd20e;335;0
3d27870c-a8de-4de8-a222-064b3d980a01;50;0
41f5f373-f222-43d2-ac8c-265c663285c5;1107;0
96a0ed7c-b266-491b-9061-1d2c8c341f4e;50;0
e0d9e314-eadb-46fc-88c6-c0fb08341d2f;54;0
48ed6807-7cc8-4e82-a7b0-4048f097c7bf;468;0
a8a3a2a0-9c94-4536-a682-a12626b2314d;379;0
c0680440-bec3-4f01-ae25-631ec75b0db5;0;0
cd73c415-04af-4b30-8732-aafef8def3e5;423;0
2b4f3a75-7148-4344-a630-8e9362b08a8b;50;0
0c627c11-de12-420b-98d0-3d15481aa95b;1;0
23bb41c6-d902-4ffb-98f6-bdf661e868aa;356;0
a751e034-d9cf-4fb3-a220-ff1da558105f;157;0
6d75a554-80c3-4362-89a4-50fa6a152699;104;0
4030f1c0-acee-4f8b-8bbf-b001eb7490e2;50;0
c9fc2824-86ba-4b82-aab8-618ce8caaa52;697;0
014491f5-caa3-4122-be69-a31411ad4bd7;54;0
8cb9a750-e03b-4eb9-aafd-ea9314e756df;467;0
271edaac-5c4e-4443-8c9f-c2809d6a0f9d;119;0
082069f5-d13d-467c-a3ab-234c006d6e95;3554;0
ba23344e-63b2-4ca2-9461-fb5bc0341409;55;0
3a4cd639-af6f-4609-8ddc-7e22640ff08e;188;0
d6b1197e-727d-4656-91e2-385901fedb56;57;0
0b07d3e4-7682-4d66-b418-587b7be8efa4;433;0
2f3a7a25-ea21-4fa2-a461-e2e2613ea750;0;0
ab981417-daec-4b56-9cfa-6881e0ea0d26;384;0
86a0b0c6-f12c-450b-880c-61efe2854217;142;0
d1527845-5bae-4747-b644-0854beaeeb58;2901;0
4621e46a-2698-4d4d-a5c0-8b40d71bed92;50;0
43050a60-ca0e-420e-bac0-d51ee0a83a8d;2;0
8a5032a2-4355-43f8-a655-20e3fcc16a4a;1;0
8be23d7c-d205-43db-b51c-a4e70bf2f165;0;0
44a8a7cf-9e53-4a27-9f5b-63ed339e05b5;63;0
cf7e85e1-b341-45e8-a9ee-84117c1b303c;1470;0
65b13030-1bce-47b1-aa08-45f43ba67576;0;0
1029c005-70a8-4a1d-b5f8-9efd6255c9fe;50;0
2ff81b20-1996-4e43-8711-cee1fa757142;50;0
ba115786-63fa-4a4b-8aac-ed4f6ab4c777;718;0
c03a54a5-b024-45a4-bc9f-7759dd5542e6;408;0
82bcb66a-e235-437f-b4dd-e98cf41b2d5e;109;0
9af32822-2f54-47e1-bbc7-afb4a9b02341;761;0
eb1d7ed7-ebd7-4dca-a9da-fafeaf5207bc;100;0
10f4f908-3019-427e-9e51-e3527d5c247b;50;0
81688c1e-aadd-43cd-acfe-1889af4451b3;1;0
6603cfb6-4eed-4c58-ac66-6225452a22ee;460;0
1090b72f-0736-4cf9-9c65-d43b5dbd6980;102;0
ab534735-0bfe-49cb-8dae-04b0b8976fb7;158;0
89ab3c6f-8e8d-42c5-957c-6a9a04f5ce88;321;0
b7481f6e-72ca-4cd7-b0b5-45ef13e6e65d;54;0
d0952fae-e561-4779-a96a-83a6ea2e4a4f;0;0
da6e8fb4-07ff-4be9-b4eb-691720fdbe3e;925;0
01f2e6ea-4fc4-4eb3-94aa-3f36109a9787;165;0
a0ce14a1-9cba-4f7b-a33e-86536d3743c1;50;0
1990522f-6994-44ea-8a30-0115f1f4c6c1;0;0
afefedf3-1ea4-4962-8aaf-58ea777e3cab;50;0
9c6018c1-2122-450d-b1a4-c4c874516fe5;350;0
c6d314ac-4a9b-4338-a415-c4eee3c0b6f2;50;0
073306ac-f4b5-4cee-ab79-9c079d891ba0;50;0
43aa42e8-54d2-46f7-84fc-b9c4dd6870c8;80;0
f3a268f2-1788-47da-bc79-2680a1721254;255;0
c682d836-2e31-4d73-bfbb-8cc32be63265;200;0
2e841867-0518-4eee-a80d-a6a50d70431e;103;0
c9db4e56-2010-4100-83d7-deec037b9ef6;496;0
4fc56b11-7379-4d62-b3ed-95bf4294c7b3;50;0
f88d9780-6ab9-4354-bee0-aa0e5308c9bf;50;0
5281efa0-1797-46dd-b422-28a609e62031;321;0
80b75b89-2fcd-4275-ba9f-7cce2a6c101f;56;0
9bccfbaf-2c46-429c-af0a-a477ac8400e6;59;0
9dcbeb7d-526c-49ff-a3ec-e71398f709f1;59;0
05c0957e-eddb-438a-bbb7-a0bcc175e3fc;56;0
e0fe712c-85fc-47ec-a051-c20ad0051431;373;0
d9684584-95d4-4465-b340-d4391cffc385;57;0
3596c7ad-999b-446e-939f-cd7923bbe82f;312;0
7a5c58d6-0d20-4098-90f6-af394f3603b3;203;0
84f3f663-aed2-4722-bfdf-4c0ce77d59ab;95;0
1b1a8eb8-cb74-4428-bab0-0c0e2e388ec7;432;0
0ed57b36-63ea-4190-8611-69ee5479d7a6;156;0
8f7435e2-4dd7-447a-890d-2d7af552544a;2;0
858d43ff-0edd-43c0-88d8-774bf9287fe4;50;0
16f54311-2784-4f4a-ab9c-a2ee20f4dd21;565;0
5bb5a59e-97b5-4268-b408-3bda9ab13b40;422;0
735da3d8-f40d-4c23-9c8b-d798804d5f68;50;0
245cbce6-b625-4d30-817d-03d9d75f03a4;221;0
dc4e44bf-80c7-4888-bef2-4234b4ecfb6e;1108;0
19693ea7-047b-4331-835f-fa7f9b3a8d1e;350;0
f26434d5-e557-4cc8-a0e6-c7ab3d04e09b;354;0
ce41e15b-a89a-4cb3-bef5-60372ea6e1e3;50;0
1fc29659-2720-4d29-b414-3387bd53d11e;53;0
68e4f976-f883-494e-a324-00c7f76b53c2;50;0
99e05d15-f010-435b-8729-ef1b5e13d50a;51;0
1b08989c-039d-4c82-879b-0f56159a1ebb;2583;0
afee45f6-fa22-46bb-ac98-885174c733a1;250;0
603d0467-8c7d-4989-8f62-41a5b011d42d;50;0
de864f0b-7f68-4c91-8d1f-aea32d329138;202;0
3619cdab-28c5-49b5-9945-62bc895a0fcf;153;0
a853bafe-bdc9-4808-8ac8-7a33ea0fac21;82;0
5cd43268-6089-46a6-94fc-cc3c18ba9350;202;0
9cd7fbfa-0a20-4805-af3c-1093cb240e22;52;0
88ec8cd6-c632-46eb-bf5e-3938c52a653c;1355;0
e4fb9943-3bbd-4336-9ccd-7d65a9285c08;201;0
35dd02ef-718b-4457-be91-6834995f46fb;55;0
d3bd377b-1721-4930-bed0-18df50507ce6;51;0
4394132c-98e5-4ac3-a882-2a2ca397e8b3;300;0
fb31080e-efd7-49c0-89df-682e09cc8641;53;0
925453fd-f3d5-4dfb-b7f8-2d82da7d2b71;101;0
2a10a8fa-938b-4b79-818c-e379f0d8748d;51;0
272ff01c-f314-4f8d-8b76-d61d69e14488;50;0
e072981c-1f7d-4c25-8bd9-b810ea99b296;50;0
00684343-40b5-4ce7-b2e8-71a5340973bf;0;0
3014824d-d506-4150-a423-220729454eb6;50;0
87f84743-9dca-46be-9d23-54a5619942ed;100;0
651a0adf-d7d4-4bff-8eb1-f5f0c1957f0b;375;0
2c911f59-a744-40dd-a1ea-fc4f3f82220b;55;0
50e13e1f-fc5c-4528-aecd-d2a7c5810c07;50;0
0a36ac7c-408b-4165-a124-fb22bd243998;50;0
87995752-aa18-48a9-a7bb-9a64b5104a28;50;0
395d676b-578c-41fe-a427-e097264d44c0;974;0
820c0e06-c405-4979-8975-ecfa17abb0f9;4774;0
730b70d7-39b1-47ed-9d74-0655bc5e7afc;50;0
7d39ecde-e452-4f72-a6b5-dcae094ee519;104;0
f39b1da2-7633-4d8f-99b4-6ffd1e0f0d23;1964;0
4be5245a-37a4-4f01-82e7-509e50d730c8;469;0
59746c2f-ef08-44a4-88ae-2e9610a578b8;54;0
7cf424ba-9ea7-4fc1-9168-7233df1a6642;727;0
5d2ef84b-365f-4cc9-b997-2d5b26534a06;50;0
62fe5a0d-2ea5-4c3b-b6ae-5f24526d5cb5;50;0
cbe80dc9-31ff-47eb-85c6-1638d08ccae4;50;0
a7649e0c-92dd-42fe-bb36-d6f0aaaa8638;1312;1
ca082770-d307-4242-ab0d-44612c49593d;87;0
c8be3fd8-f3fe-4fb3-8c3b-4bf1bfdf382f;51;0
5a214149-13b0-4732-bdf6-3b443487b69e;595;0
17fa24e6-3879-4688-a140-6083c15e7064;100;0
b882e19c-917f-443d-9f0b-028df2e85066;157;0
2917638d-8925-473d-a9b0-9776ebb42ead;100;0
d3736c09-9006-4b2c-a1c6-8656b05a27a7;158;0
72599524-180f-4afb-9a21-c599879cac3e;726;0
32e88530-a0d4-44f4-b6b4-709074f614de;207;0
bd0e24ea-95c0-4ef5-831b-0fb36000838d;200;0
089c45b3-627c-42fc-9f98-195434f36aab;0;0
63215e24-05f7-4a8a-b549-a38560695ddc;50;0
6f5e7ff5-e682-40e3-bbf2-41eeabf4dc3e;155;0
4a015b48-0f74-465f-ba26-0a58c57a8008;739;0
74be5419-ced5-46de-8ad8-0b82f82af243;3;0
2c3f47fb-0956-4953-b014-cda0800685c3;304;0
f5c3b521-d12b-4de5-8c61-40a75418c65d;58;0
267c888c-20a7-41b7-88aa-724f802b6150;51;0
015e35f3-70d3-43f3-895d-cdea386118d7;114;0
f1e63202-a60d-40a4-b4c4-8fc9942f07ad;193;0
f8af3621-587d-4ec7-96f4-25717b198dfd;50;0
23cb2267-4be6-4439-b4a6-dc2cf3e5f30b;809;0
a5cf84d3-c0e7-4736-8c5c-58df1b982c14;56;0
15671712-f779-41ed-a517-dc4609f7cd8b;50;0
e4bf4b1f-c59f-4189-9abf-e9bcc1ec527a;207;0
1d0b5f63-64a8-4483-aca8-4ee301d3ed5b;0;0
847bdc7d-e95a-4c32-bdc8-c3771a5d0c6b;50;0
47a639d4-93bd-433f-a60d-5a944df786f3;223;0
4f3a3d51-393a-4dfa-bbd6-c0d2d3be9a79;51;0
8ab25700-f3a5-4837-b061-2d0efa7893b8;56;0
3e530e26-e15e-41ec-838c-0f23af989de9;0;0
c93cb5e9-f5e2-4c27-87af-a3cd1f7a1074;51;0
6fe2526c-955b-4c6a-bd8c-57363f63294f;51;0
1668888f-874c-41d7-abc3-2a1f8489102e;50;0
1c7bb47f-afaf-4b1e-a887-343751d5fb62;486;0
77a38bf5-0cbb-4763-a98a-24baceebe6fc;351;0
095ee630-7de5-4104-b122-f624078b99b1;77;0
a6345eea-c141-42fd-9f0d-11f4210a0f20;50;0
8400b382-74f6-48ae-ad2c-423654f61fe2;62;0
05f6c58c-5749-46a6-8aa7-07768c3a6f03;50;0
cbcbc270-227c-4708-872d-78ba75aa9e8a;17;0
3d887161-2977-496f-9f7c-6b37d9b79c2f;50;0
63f53514-daa0-4645-b5ae-a1970a5b9180;556;0
4a36c617-b018-436a-babc-4374461ab87b;53;0
403db18e-941e-4e63-ba23-e63c0515876a;50;0
c9bfbbf9-db90-45a7-a72c-4118140038f4;61;0
4caa2fb3-7ed2-436d-bc35-390feebfdebe;50;0
000ff655-fa9f-4baa-a108-47f581ec52a1;635;0
135d00c9-66a6-4f34-bc9a-4839bc92325b;1425;0
7dd7159e-7664-4297-a354-f5474bd50b9a;200;0
c1aa36c7-5dc9-4c49-99fb-04fa269fbf0e;65;0
dcac933b-7639-49ee-9dce-d1f388fbfc7b;84;0
b3450ac4-71b6-42c0-88de-b65f01322937;742;1
1474e876-1551-41fd-a5df-e8c5db8f8edf;17;0
7fb537a8-abcd-4ef0-9079-8405b1973b32;276;0
b76065e6-8d9c-4fd0-b02e-7cd346e2fc84;52;0
862b8d8d-6e87-4e45-a908-983c38cde503;52;0
47b95a9b-5afc-48b0-89a1-f4fa139b78f3;152;0
f7be3055-ee11-43c4-b561-dd8971bf8271;454;0
b31838a9-6ad2-454c-af22-0ecd9e66b298;190;0
dcf82362-2c81-4f27-ad1d-20351becde42;304;0
d063b285-d7c5-4cf3-a046-afd9b11ac3be;1609;0
0262b6a5-db4c-49ba-b139-86fc3cb6278f;50;0
a0af6146-d350-4086-8809-adb8bcf1b9a0;57;0
87a655cc-f17c-4089-9f77-cb86a330f2e0;2;0
6db5cd57-5584-42f5-89cd-e333eafa2cd5;50;0
78c8eddd-c6d1-43f8-9ddd-cebf1c126e94;23;0
c58ccdde-0c8b-4f4d-8650-539bd65e1b6c;11;0
ce23c54e-99ee-482f-b740-70f84cfe8214;123;0
bbf24778-b8a3-44d1-af0c-4f3f7557f121;250;0
d4dd67e7-f761-46b9-a529-338f3878d468;51;0
602318f4-277f-41db-964f-c800faaf2c6b;150;0
8a3ec73b-438b-433c-87f9-00617f610eb7;151;0
e6673159-8673-4039-8e5e-8d20183c0afb;701;0
11587d4b-92bd-4d1e-9a88-a2aabd53f758;52;0
bf7547a8-cb7f-4cc3-8b95-2a8ba3cbba1d;282;0
deaa5069-5ba5-46c1-aa1f-dc7ed4e66c55;252;0
7157b55a-a013-4e7c-b904-7af4bcff5493;2164;0
97353bcc-c1c1-4919-b1d1-b4b32018d7ad;150;0
e8d6e459-60ed-4333-9732-a40550fb2f25;50;1
9022accb-12f4-4255-8839-8edc027c1c34;876;0
a06627e0-16cb-4004-a1d9-54efa3de86b6;50;0
9218315b-ee79-43eb-89be-b7f59accec2f;390;0
12c97f0a-2f1b-4b41-95c6-34510f4f236c;1616;0
f0c00992-02c4-4b1c-97a9-f0fb021ab326;51;0
286d6693-12c0-4066-a9ee-8963ff551110;53;0
368c7fc1-c3eb-4873-9921-666cb05389a1;2460;1
19a2e0a5-3b85-482b-875b-733225e2df9d;50;0
ad6ccd89-793c-47b5-93ae-9aaddeaf9ef7;1207;0
fd3c38b9-7325-4bbc-b86d-f1d55f1b3de4;4;0
247d2e56-7ea1-470d-acf7-4728545cce84;51;0
08a156d5-b75e-4e10-ab2c-3f22fb45f6c3;162;0
3958a37d-c320-4f4f-a86d-1dbb82127bd6;1967;0
de0eea21-a79e-43a4-9f83-d586cc40c61b;50;0
087ed7b7-ad98-4b3f-9db5-336226b976d8;611;0
6e3235bf-934d-486f-9314-fdf75d91fc74;56;0
50e8782c-88b0-45d4-8109-436c4cd36a2e;0;0
54d8bced-fcdb-4cb1-acdc-0aa1db6490ab;105;0
fa65bee4-bd82-41a3-a1ce-5dbaa836daa4;488;0
9c6d7a25-5fe6-49ee-a832-f2b400074899;507;0
37676d57-8faf-446c-b0ec-d824d6a84306;52;0
31bc7ace-9390-46a6-8c6d-435eac92d39c;675;0
54f4e029-8fe6-4816-817a-f59a552e68ce;50;0
0b3fa997-c264-439b-8169-6bb14a4c47de;50;0
dd72b519-8321-4f75-8d68-0859746ab682;150;0
bec6720c-56fc-4fe4-a34b-cefa123340b1;479;0
ac9687c2-b8e9-4903-8006-10f16439bcbb;552;0
eac4d2aa-75a5-489b-8143-2657e46f6d82;50;0
e4130928-ec5c-4f06-acce-db082337bef8;52;0
fa35ec63-d115-4696-9106-dc574940b6c2;52;0
0c19de57-f3fa-4a16-830e-bcb56bb1a190;201;0
66cc3585-e2cd-41e1-b56c-ea9b2af66707;726;0
14f7babe-efac-4733-9f86-628e370f917c;201;0
a6810d96-d41e-4cb3-be54-e73ad573703e;150;0
ea360895-e533-4792-b44e-1e7a1eef2a69;206;0
48f5903b-aba4-4847-bf3b-483e15c608ed;53;0
256e6e9b-b03f-4e9d-9210-7fe7db2168ac;0;0
6e58d135-07cf-48da-8803-7ec0d5d24a21;362;0
6cd07457-d642-445a-8eb8-986fc1bac71d;765;0
256ec721-e61d-433d-b484-26349ba2e080;523;0
bb36ec70-a376-42d2-8d68-909d666a289d;0;0
68778978-c704-48f4-830e-3d6b4410c13d;208;0
7aa51b7d-1b7b-4768-aa56-ace906341165;201;0
aee0e833-1047-4ea0-865a-66bd2de01d5c;150;0
811a2aa0-fca5-44ca-8e9b-a5deea2bd7c4;514;0
90ab457e-8aae-4667-8d3b-d0b7d71525ff;50;0
29fa5d98-7ab4-4cdb-8002-733db08b06b9;0;0
2a5f7691-6350-427e-b61a-f710643f4b46;481;0
1cd31d33-7b05-4e9b-9776-cec770be61fa;3924;0
ede5c3fa-baea-488b-88a8-b14faa3b2569;123;0
e26cc92d-b5c2-472f-8a8b-4007cef7b674;100;0
efc4b288-a524-4805-af44-efa3c7783fb1;103;0
b3ff004d-46ea-4d64-97fe-80a46280dbda;1384;1
541e5789-65c0-48ee-85de-7d46aac813c2;288;0
15e75472-fea3-42ff-839b-397e568f1d55;293;0
c47e1e78-bb9a-421f-9b1e-f6d7b8cc753f;274;0
e8bbdb17-4f69-4732-b03a-c15312d2977c;159;0
a17fb265-045d-4a8b-8565-b072387372d3;637;0
94010291-e033-406f-a02d-c8fd08f813c5;100;0
06dfd571-9e08-490d-a632-83a2def99edf;50;0
6a4348a4-1f14-4346-a662-231146ec4241;1079;0
836281fd-719b-4102-9bd0-04ea21c8b742;52;0
472f7706-21c5-474f-9a35-8c34482b4564;50;0
2e21347c-b53d-4ec0-927e-2e0450be6076;150;0
73ca1e4e-3ae6-4baa-8ef8-d6d855565dc7;52;0
3a542eca-5e52-48ed-b1f6-2e7088eca4f6;359;0
08f2d56c-9ac5-4788-a594-880a15b29841;0;0
7c610cfd-c057-4b6f-87af-b25b403c0e0d;264;0
f6ff8dca-98a4-42f6-a1c7-6000d08d4536;104;0
99610949-02b9-4e83-b98e-39eb0467d6c3;555;0
9a3c7777-72a2-4709-9db6-545d05bf664e;1912;0
19e1bf35-cffe-4ae8-a6e7-35bfc35bdb57;108;0
99b7b0a2-5ca1-4205-85de-371cc4ee10a0;0;0
3fb957cc-1e52-4f90-bef5-4607427225fa;4;0
7ec616e0-0939-4f5a-bdfe-5842e331cc79;206;0
9c21c5b8-a05d-4d70-bada-1e3fab6d8446;110;0
4a7359e8-bb08-40c5-bc0f-d48b33203b88;1;0
d533eb44-0629-4869-86b9-710d0b54040a;150;0
88b67027-bc1e-4152-a8e6-ae3f9655c673;546;1
52434a1f-712d-45c7-bc9e-dc81872383aa;404;0
5ab97e91-c02d-4bdc-8b9c-6279c542b62b;50;0
5dc9a67c-c7bc-412e-8d62-b55e11cdd5aa;50;0
96b27914-aabe-4c06-81ad-78e503abbcc5;472;0
8f0e952d-b5bb-4c6a-9180-335e70860b0c;550;1
88f63c1e-f218-4175-a002-585a01b0aed1;407;0
9d023e72-c799-40c0-907a-96e023a97959;2113;0
5e1af4e8-c595-4376-9640-3787312c5872;257;0
5a4ae891-9dde-414b-aede-000373d0170f;209;0
d4f2fe82-f77b-439e-baff-0746db060664;102;0
c777b925-f661-46ef-9a6e-5f88ac5f0429;101;0
4090efcf-9409-4f92-ba5b-aeb4f125c2bd;50;0
856bb215-f1a1-4f9f-bf0b-bfd2fbbd1e36;70;0
af533dea-6bcb-4d45-afd2-118e5b4946ab;1003;0
61ed24c8-eaad-44c8-b5a4-97df2ba8edd0;61;0
6a0b34e4-e3f5-4455-9cf7-6a2975604de5;150;0
dd90a117-9605-4145-a872-99bb1b63ba60;50;0
431cb22b-2c2e-4754-bb99-7d02cd0c8b5a;52;0
6b5ba40e-951b-44ae-b098-9a716980f1a3;600;0
f536f560-3f2e-4b8b-aaa1-87b63ea0bede;52;0
dc759b92-101e-498f-8d0d-45ea84bd7ec7;214;0
c1c6618b-6099-4f47-b129-a368ea249f00;714;0
5e98e94e-7a45-4c5a-8a9f-cfec0060606d;5;0
7e9cb82f-43ff-4a3d-81ba-47b1e2dbf70a;56;0
a01e9a01-c7ed-4bec-b8ed-5ca6bbba7dec;514;1
fd092ec0-4513-48fc-a84a-31ae96e92fd9;1060;0
22ec0aef-5280-4ca1-91c5-b4d5f3b24f9c;303;0
feb1a34d-202a-4224-a1b3-0e737b12dd4d;1722;0
07f950f9-77ec-4a79-ad63-d9d6f9e1e03e;0;0
55f2c7e5-bada-4e45-94ce-1ddd03675e32;194;0
60f737c6-6bc6-40a6-a1c5-35cd91c80a9b;1493;0
993bef79-5711-4e94-b63b-7f39423b5591;0;0
0df5f7e8-851c-4a82-a9d9-5987e6886e2d;52;0
053c1321-f73d-4b7c-ab92-bda971ff18a6;1068;0
84acafa7-5e03-4fac-a645-ed26e02be511;51;0
a2aeab01-9a24-4622-9586-2191cafc4096;150;0
a255cedd-7a95-48e3-8996-04d10b4e9b47;101;0
34e152a0-e980-4562-98f3-f7b2a18022ef;50;0
86a46b70-6e77-46b5-b8f8-b235b86957f1;2508;0
e0e3e878-f641-4fcb-8cac-bc43b7ac1c36;1052;0
05f3aaf3-6295-4e7a-a76e-4838c653b4f0;51;0
21c51dc0-9eb8-46da-8d4e-8ebfe3e84a05;53;0
0b474011-385e-4990-8106-cdcca66ec3f8;558;0
7cd9ba4a-35ff-482e-a337-e2055c24d2a2;3;0
156857a6-b4a5-467b-9616-6641f8bda12b;690;1
5c8e3521-7936-4fc6-b650-5e673fa375e1;1249;0
ed971566-bb69-4a7a-8d5d-cb445065afeb;351;0
eace7cac-69a7-48ee-85e2-8e7555bfdf9d;7;1
a4b70d73-1938-4f27-b1e5-973526894b10;1919;0
70f6a500-741f-43f7-a51c-d26214776803;117;0
fb1c1c91-7845-4816-a675-6479afc6a475;106;0
a4b35d02-9433-426a-9ace-58001a01c71e;50;0
6f69f00a-28cd-4dab-a3ea-9380ef407de6;2164;0
464de4d9-679e-49b4-87ad-7ec20f28606d;50;0
479dbc51-d41f-447a-90d0-f8f8cf717b0f;528;0
3e0cf827-0afb-4b5b-89ba-196cecdd44ae;58;0
1ae9441a-706b-4e92-b309-18f69812c044;926;1
ecdc4718-0c9c-4b31-92d8-fe1cf2d966b9;51;0
042fa213-0c29-487c-8600-799e09551991;116;0
78d30839-94db-4278-bdb5-617628dede07;55;0
ae3164e6-ca07-4c44-b927-ea2e4a1c20fe;50;0
bb19b7d3-b47f-4442-b8d5-b2986e1e98bb;50;0
b948ea66-2a7f-4017-b66f-530651d2b3fe;151;0
488c9e22-8326-4ef9-aa2f-161cdd90b29e;53;0
132c6ae8-e587-4e34-b217-ebe03474467b;50;0
0bedbd0f-25d4-4594-ad7d-46766f4522be;52;0
45d31555-5d66-43cf-a4f6-9713a5e37e4a;108;0
aeaf1f62-95db-42fd-959d-30c8dfd3327d;151;0
924122ba-fd60-4c5b-9e6d-7a2448b1224b;0;0
5438f9ee-08ac-460e-b40c-fd4de7488792;65;0
3d28e6fa-020d-4271-9ad0-335102b3a05c;445;0
10ff5fd4-85a3-4f6e-a5ed-0cb97439098d;50;0
272dada8-aed6-4c0b-94ca-90cc5b61b4d6;50;0
3c5e8fac-6aad-47d5-8c1a-a2fd572b1777;754;0
b892aeb9-c839-42ae-b627-b77f9396561b;294;0
1d553dc6-dd8a-4337-8021-bf8fc09e2293;53;0
c014ffb4-5c6c-46ae-823e-e08e60600e40;50;0
fbbdd71a-1904-4c5a-aa59-f9ccd12900a3;50;0
6dee5ed7-e72b-4366-89a6-9d5d4ed6aaf4;109;0
a38db543-1d39-4450-96fd-de8378bcab1e;206;0
a9a3c693-4061-4ca6-ad29-12bc009795ae;106;0
14c81fcd-9277-4176-82c1-005864cdcdf4;276;0
e28a92f9-b7c4-4bea-9901-41ef1536fcc7;50;0
1cd4e5c0-3f81-4b54-b112-1db700bcf7ec;100;0
cd868bc9-5997-44cf-87ff-219de4cd61c0;50;0
aa5eccb4-0df1-4817-b9a5-35357e334c2b;50;0
0f15499c-bb66-4b2d-a720-91080c65ff13;0;0
6d701035-be61-4e72-9443-38c1623feb11;565;0
4f6cbfe9-8d39-49a3-9570-003d45a3b109;50;0
83469cc9-00f4-4378-a460-f52636531396;216;0
2c688029-b48d-4ec4-b40f-524ef321a397;201;0
882e790f-1e47-4487-8ce4-58e2d81118f9;52;0
0651419a-7e4e-4331-9399-443bf9597f5c;114;0
103c642b-212f-4807-8bcb-a63dd5adc777;1;0
84e2ebbb-c546-4d9c-99c3-7e788fe67aa4;100;0
53064daa-ab94-4633-b108-d931d5388107;109;0
dc300b1e-6071-467b-9b30-f978383bb05b;100;0
bee51013-2979-4896-aa30-f0d0289cf3f4;79;0
d68d3faf-3972-49dc-bcd6-dae5414ca568;251;0
992b8643-4ed7-45ea-a324-9044dd90f525;215;0
75e358d8-2b2a-4255-a927-61a93d219749;251;0
557204c9-a748-4b95-844d-07144a014e70;50;0
3f0bf125-c1e2-43a3-b40c-0228ba481b05;50;0
ba15a5e2-0c10-4e61-8004-da0126bc8acc;54;0
ceae63db-9345-49ae-9a75-49cda11ab606;268;0
00f9cc87-c956-4b27-92e2-c96c5774083e;52;0
a9a8d2a9-76f8-44fb-92f6-a5bddf0ae4eb;441;0
1f4cedd1-4ebd-4424-ba17-e92a274cb5c7;496;0
44acc56a-7b3b-4397-966f-313df9dea4fe;52;0
a8dcc2fe-a5fb-4386-9824-034abdfb7fd7;700;0
36f62283-55d0-494c-96bc-59afb95fd818;50;0
14420732-edb3-4d87-bd08-a592983ecf6f;723;0
e840623b-b599-4ca5-97d5-2287c68dc7b4;50;0
cece9442-3b0d-4331-9a34-3b003d504eef;683;0
83871b43-9625-4bcf-a669-0a283fe5b717;50;0
a829017f-dd24-40db-92de-1e632cac34c1;50;0
4a7ced64-a6e8-429c-bc2e-23e79d5527e8;50;0
82f9fd14-a77c-4e12-9166-de6a78a93818;500;0
c6e08c3e-e13f-4cb4-ae2e-55f6ad790446;1163;1
f00500d2-2157-4efe-991c-269639daeb68;0;0
f4410d25-74e1-4e78-bdb8-f936f4610029;50;0
cce8cd47-632f-43c8-a1bc-9848f1160bd0;50;0
39dcd502-33e0-4310-96fa-016c82cade80;196;0
51fa11d4-9779-416b-9b04-2e82036dc5f6;51;0
78b774c6-75ba-49f0-9dac-a4948d2744a0;117;0
7490b971-d941-4a08-af62-088780502023;50;0
2a674123-b2b6-49d1-a04e-f8ea1f8655eb;69;0
56c00759-8789-43c7-ae39-0ff17896d2e5;102;0
f6acc3cc-0345-4f0c-b6e2-a7e9e6e3c7dd;205;0
f68868f3-fdc9-477b-83f9-97355048f38b;62;0
d1241a9d-db2b-4c49-a791-d6e3717dcbc5;52;0
37ea91a4-128c-41a6-8710-662a3ff03f26;785;0
222ea65b-7cda-4966-83e4-d216ffd869af;1802;0
83675d88-c271-4f5c-b552-8628ef24c5ca;1;0
80abecbc-f32c-4e22-bd5c-86eff63990bf;2;0
bf716397-ee48-49e7-9371-3f41bcca68e0;157;0
593205e6-f8a1-4492-b27d-ce0ade5ae782;149;0
2fd852d8-7690-4249-905f-e026378d85f4;8;0
cbd06107-fbed-402d-97f4-433b881c37c1;301;1
609ac6a9-911c-4cf5-b8d7-7b4e7b03b255;150;0
5ece28ac-e643-471c-b3d2-58ac33b35fc4;163;0
9b91099d-bbef-49ea-a506-29a24fc8041b;27;0
16f25c0e-f879-4453-b5d4-efebabc2881b;154;0
86a91ff0-e7ce-4856-9fda-4100301d0619;56;0
4d8fa0b8-119c-4d9b-ab88-305e15373512;251;0
6a98d7d1-106e-4a35-bd3b-928ef4415e73;0;0
be55801c-2dcc-4a53-9b30-d351a34e9e23;405;0
2d6ab96a-7e21-4af4-abc7-4468f6341f2e;1;0
508a21d0-5c9c-456c-9ab3-689d61eb5a6b;419;0
47993785-de94-4040-83a0-536b9324e96f;202;0
796e00ce-2462-4773-a396-9dd78a7f0ff5;155;0
b3283bec-82ec-4e37-aa70-3b61bd72cd26;62;0
2ed8397f-d143-4df6-9768-7e16a3180026;728;0
13851a57-d3af-43ab-87c5-7d58e5743c6b;489;0
76dea516-7fae-4350-a2bc-aae153311b07;51;0
a17be88e-d902-4678-ab95-52872265b782;0;0
a64072be-8579-4df1-b836-fc38adfef609;51;0
bd37c83d-63da-46ef-90a3-0555814b73d6;0;0
4775537e-3bfb-443f-8a6c-bd3f3c2fd9e4;55;0
10e93ba1-2517-4b70-bff1-9fe1b333580d;1;0
b4ea9723-0d13-45fa-ae7f-3799d009bcfa;381;0
60944d8f-7afc-4013-976c-38a59e3abc00;1655;0
50050fea-4904-4f14-9eaf-6e4439bc7c13;141;0
e193307f-6c18-4042-aafc-fc9d9fe635c4;1383;0
d7f7eb75-4f0b-4d15-960d-8efe5ca7dd7e;3851;0
316d0ee6-92fe-463c-90de-91838dc02750;50;0
2276f70f-5a45-406e-8b26-49f064cb8705;940;0
c4ce2216-31e8-46db-853a-b68acfb9a7d6;238;0
7a640612-e0c4-4e7d-9e1b-64d11d889964;54;0
0ade65a7-c1b0-4aa5-8ab6-a4ad78028037;4166;0
f19aaa00-f337-4174-ba14-a2a39dd6ebbf;1653;0
6d1fa358-39c4-4973-b6a7-83fa2ec2a62c;460;1
99a31d01-7fd3-4b9d-ad52-e93984195eb9;50;0
3977b4eb-4fcb-4500-802b-307a2f1c13e6;50;0
e902c06c-4c9b-4583-a5bb-bb5404005592;5008;0
82ddd7e2-6df6-4d5a-895f-53ea7d4afcfa;300;0
0c7344e3-9b32-42e2-bdab-b71052aebc98;208;0
08fd43aa-af91-4d07-8c63-c1648af971f3;50;0
a925f79d-53f9-4188-af61-6f6f6028e196;51;0
d8a0516d-75fe-4508-8464-b7ecb3b6bdb4;325;0
91773b28-78e2-4d07-ac33-134b3ce807cf;1985;0
a4b7c16d-60a3-4397-b2c3-a41306d2491c;150;0
3ecd38e6-4dbd-45c5-ab89-9892d6a69abd;1360;0
1e7ea26d-8dc7-4ff3-9d78-7bab3367f857;202;0
e15bc9cb-d833-4554-bce2-0bb388f9007f;1932;0
3be4f341-aee5-4c71-bb07-9bf056377a6b;163;0
9558c31a-6cef-45e7-b189-386a91eedaf7;4;0
b814b8ab-a3cb-4d10-bbc3-817967c02c08;50;0
e8221b60-bde3-4396-baa1-f144dab5af78;334;0
8afac96b-4882-49b2-bea2-9d9819ca71af;369;0
1c9b0e45-f406-4009-845d-42c637fdcd52;168;0
a9cd4113-f136-403a-a347-ae8a562c51d1;50;0
6a8a3727-8c96-4ab1-992d-8df6211d1dd0;54;0
c5db6738-8b91-4d47-8ccd-e2769045eaff;52;0
c1a8d13d-cca9-4372-b195-9b0770d81a0d;1542;0
8ca1aa84-5ffc-412a-b361-e6d481457b3c;0;0
b19f8f12-e20e-4ae3-8bdc-58aea39573be;62;0
f60b2cba-41ab-44bf-8500-9c2a52d2e8ac;101;0
6e1036c6-0d37-41c0-ad70-1cf1ce5a9aca;0;0
3c870bdd-d0af-42eb-af19-e3929c9265f0;1048;0
c8b34522-e5ca-40ac-a238-3e67438fd7bb;200;0
2b245a75-46c6-4d06-93d8-66d46deefd9b;50;0
0287cd05-1efe-4ad9-b235-ea17e5f8ef9c;233;0
5acde6d4-3625-4678-b255-6abfc366b085;935;0
62854454-59ba-4b8a-b43b-084ff3739eab;414;0
af7b8f8c-b15e-4800-9149-95ec652441ff;50;0
218f5890-532a-4992-a51e-c3dfa8581622;56;0
de55f052-155b-4cdb-a598-2e340b346054;739;0
4d695a62-cdc6-4926-bc34-00bc1d2491c7;52;0
91c1aadf-77dd-4e42-a9fd-ffea2e0914da;435;0
a9a79a2d-4fff-4e8b-8ba6-4b45943439ed;1243;0
9349f4e9-9db3-473f-8039-486aaf700b0c;372;0
1d0ed002-9a9c-4ed2-8b50-8e07c25dc70b;1720;0
3e2a480c-5c0e-4fb1-a876-9505d79c799f;153;0
a8e9f8a7-fb92-4536-ad4c-063229978f5b;50;0
62759bf5-eed6-4cd5-b2f0-31de2df42148;301;0
eebbd49f-52aa-4b56-ab94-fedadb393ba2;50;0
d6551b49-d843-492c-9701-f3d06b57fba9;265;0
cda6c1dc-1f27-4ad7-9de0-b867ae9cf359;150;0
05150214-b94e-437e-8a48-de7426c9b084;53;0
ac7b7c0f-4e3b-498d-9fee-1a4085aa4692;50;0
b94987a3-8d52-4c64-9153-6ed283def0ba;52;0
8e67a4db-bf88-43d6-b42b-f49d1eed41f8;238;0
54fbc8f8-5c6f-4006-8823-63da91cba6cf;50;0
683f75d7-e09f-4191-9912-bb6f843addec;50;0
6c1b0ce0-f46e-4ddd-bd12-cae78c070cd3;453;0
5c056433-fda5-437f-8fd6-9ee380547592;207;0
cc408f0d-f4a3-4607-9abc-91ba40683ed8;327;0
b28a8569-1c87-4cad-830c-731ea7bbf89c;243;0
8f11cb6c-5252-4d2b-853b-135bda2c141d;50;0
aa7ce2d8-9e3a-4c4e-bb1f-5e70aede3787;156;0
37190989-0b7b-4963-a885-dcf63c1400d9;50;0
85f600ec-0d4d-41fa-b588-5510a23744d2;0;0
2264a625-eee4-4584-be13-c62552d8f5a2;335;0
99630d8a-cbce-41d5-a4d9-15b79b31644b;401;0
01cada67-8f31-475b-8b34-344d953d739a;51;0
5cf03793-2b87-48c0-b22e-df71c977adcc;52;0
5d61e288-3c0f-484c-8d88-5c850054dbec;150;0
869b554b-4277-4e21-a680-0a82cfa5b56a;54;0
756fb83e-be4d-4ce2-bde5-b87eb2312100;51;0
b40d8b0f-0e7a-441c-aeef-64bafb523797;101;0
a9ad27b6-a46a-49b3-bd2d-204f273d8b71;150;0
14a98024-523b-406c-ba4f-d5c2d0be0af0;58;0
b4a6af04-57ab-4c65-8525-699e249c50b6;463;0
3e2ed9f7-8579-412b-8d24-a27befae90e7;53;0
b759073d-b99f-4422-81fd-78520fe00a46;110;0
5b384210-8f34-49bc-ac80-f8e0a301ff29;100;0
70f14506-ebc5-426b-a5a4-5e1084c726ef;1;0
33f08d77-9484-4d4f-a7dc-53eb9c06a61c;56;0
4559524a-7db5-41d9-b202-bdeb204d1523;228;0
6ce46554-9782-4a84-8e96-bba56e322db1;158;0
aa945737-f8e3-45f1-82f5-960699332f86;113;0
132e063e-3323-4605-87b9-c4d96efc6d8b;300;0
d890caea-184e-438c-ab94-1a0880532bf8;102;0
fab2cb04-e2f1-4b6b-8252-bff3a6884adf;538;1
d92fedcd-1fa0-4791-ae46-f5a8164fd064;270;0
c0f409b4-4aea-4a4d-b8d2-af9946f70551;104;0
590efa08-65a0-47ee-8e17-fed74f343f89;52;0
c79eb6e5-a804-462a-b1bc-0c3354f8763b;236;0
e2624c1c-c8af-4622-94e0-f3470037292f;873;0
bb416824-f8fc-4640-bbe3-6a686342801f;524;0
1a0b214b-942f-4f83-b7a6-ecc4bbddf9a5;52;0
c758653c-f1c4-498a-b895-f2111fb09443;0;0
8da747b7-a57a-44df-ac8a-bd70c23c5499;51;0
1c76f43a-d5be-4419-afcb-170ee0d4c0e4;1055;0
7ebc1cf8-5d2f-4a76-9ed3-c11b879014ba;150;0
f3bda62c-3a6e-41de-bcf5-e330325be22f;257;0
9c30a71d-10a2-479f-b1cf-76dd15ed18b7;549;0
9eb1edba-eecf-44ab-88c8-068c7c8c231b;643;0
443b92e1-2acc-46a4-be86-b41b6b01c011;119;0
277c7562-761b-4d7e-a0a1-f230d7e0faca;53;0
6b66443a-3362-41d5-9069-cb579278bd4f;120;0
0d786400-6e10-4337-9229-ccb5644f00bd;60;0
68d9885e-b63f-4f86-a80a-c832aa7e1b8b;50;0
4491df77-dbc3-4f3d-b743-09607fd494eb;66;0
a08ae15c-72d2-4b55-9f3f-a7e8087edb55;200;0
987672e6-1028-435f-98c9-f1014a10a159;153;0
874906c8-7c13-408c-9ce9-049ac6d9a60c;101;0
609df701-73e1-4752-8d5e-0d7874b89f8d;252;0
c50c1c9a-dba1-43f0-ae37-11ff0c971a0d;0;0
3232171d-d89f-486b-b687-39f86ee19e2a;150;0
b5b583be-8137-4728-bde0-96e47bbb147f;508;0
b0a6f5ab-2cac-4930-9c86-43c2d6c8a450;85;0
84c58a06-6c23-40de-a612-f0336cab93af;50;0
7a82e2ac-e38c-4981-a932-8bb7247118c5;52;0
5edc1f75-d9c4-46f2-8610-b9979c73188d;671;0
27a3ed4b-0f5a-4723-89e0-d86c3fc33ed0;111;0
f498e112-be07-470f-bf91-4a96ec872061;50;0
d359f331-6b9f-40ff-b658-d3d9e68a799f;200;0
7e71b839-b012-48b3-8e0c-f511b24d040a;55;0
b52575ea-b8bb-44f0-8b79-12e60a81eac8;320;0
449e759f-2009-434c-bd20-5ad23844cbf2;104;0
6a2e2de9-0916-4281-a17f-be9a6c029d22;0;0
902dda12-980b-4920-8d71-431bcd3db373;62;0
60d7be24-c39c-4415-a529-0225e441d64d;120;0
67967c31-9ae9-4c80-8210-eb0458d62678;50;0
85545400-ea0a-4f32-8b50-4e0833050b6c;51;0
928bb917-b132-4568-9781-724d6bfd05a1;0;1
e43db1ae-a22e-413a-ac24-7a9dcfac3012;421;0
d60c51f6-5740-45e2-9e7f-0a9f87c02403;838;0
220b8a99-7c0c-4543-8840-84a1b7b0ff34;51;0
da15d55e-0323-4575-b266-7128063a822a;261;0
1856963a-84cb-453e-a139-eb7d8d9b3255;889;0
65c5fd9e-4343-409a-8104-40e7acaf8dc1;51;0
1b3b9f26-a037-487a-acab-88438573a072;0;0
5ffc95c9-b2b1-4725-baaa-1b9ffe21c8b1;51;0
ed5ae5db-c568-46c7-8fb3-1589efaf205f;153;0
309129e2-8d6a-499d-9448-56aea5377a37;218;0
96129884-c05f-466c-82ee-302f4fb6ef58;50;0
b621a18b-9320-4bf9-8d70-83a61ae9dd52;50;0
8c955084-f7ef-4935-acda-c92de574b6a7;50;0
04c29efc-7d2d-478d-af99-cc40df7a3c30;100;0
597f1882-2e77-4cec-930d-cbcb2fbd7d09;492;0
85475dcc-ca5d-4d37-8217-8628f3338046;100;0
c934a164-436f-4b4e-a718-780715e6bf18;458;0
a7d14d98-5114-4413-b31d-78a0f2e0da7f;7;0
0136afea-76c9-45c0-b9db-0212595418e5;50;0
ebb5ab5e-a428-4b50-99e3-c5a5674383f0;50;0
8b7fa7ca-c541-4c97-b06f-a06b2368a1ea;151;0
1bdb291c-b613-4080-8228-996a7f2c05bf;50;0
bd1b0315-2fe6-4f6f-b412-b3b30deffedd;50;0
7e06f0f7-82b5-4812-b1b6-b6b0cae8bfe3;53;0
9563954a-5020-40d9-a647-d284fdaec5b6;0;0
6db801f8-6b8b-4bcb-9ca6-fcbdb36f4ffb;0;0
00c26486-33e8-4af9-8e0f-4ee220252ca9;0;0
e9b4eb00-ac83-42c2-847a-66bf76198c48;0;0
93df42b7-f51c-4635-a60a-c8266bb4a974;63;0
f6bb9e04-3056-4f9b-8ccc-20a635a3c555;0;0
0019bb9e-26d4-4ebf-8727-fc911ea28a92;2;0
533d4626-fb54-4cf1-88ba-b568126ef47d;1;0
e4c49e0f-f4d1-4f62-af79-eebcba04fa93;50;0
b90bf9c7-24dc-469f-baaf-9ae992eee41d;1238;0
02cb6641-a115-4c53-a6ab-22b332d8e5e2;150;0
cd5e3da8-6430-4c00-b0bf-d547cc1f8ee9;0;0
10b7366f-7df9-47bb-ba10-0c67735e2b9b;440;0
e2c75706-dcbf-4663-b3af-72b01447c96e;163;0
961622c3-3c29-4fa1-88d2-4f408d6d6ebb;711;0
4c79f917-1d9a-42f2-a85b-7d29939f6e35;100;0
02bfd4d9-4dd6-44e5-88b8-2cc08caf3267;1052;0
b299583e-f9eb-4e46-9c25-e9183afe14ce;367;0
c54ce35f-31dc-4c8d-900b-27e68b042fc9;0;0
b5a0770a-64e2-4344-acc0-723290d00e55;9;1
8016f564-dec2-4f1f-94a1-dd94136815fa;0;0
cddc9365-d0ae-4b58-9ee7-8e7413edcbd1;275;0
95e24588-1cc1-4409-bd95-af0341ddddfa;0;0
301dcb9a-14cf-42f7-a653-1194cffd04f9;200;0
04b0b9a3-6749-43ac-bbc9-3f0c967f2c09;54;0
5f6d51ec-1f06-40f7-ab24-40baec589d93;58;0
2108e364-af4a-4a01-9ef7-ab338ae91e2d;559;0
f836d233-9c36-43c5-b9a0-fb09a4d0058d;50;0
7703c009-f88d-49cb-9703-35755f8ef1c1;0;0
e669a76a-bbb9-4098-b44b-5247a447dc3b;50;0
50d6266a-3e30-421b-9433-69f1486ed17a;1142;1
14d59794-f89e-4623-b4ba-a6c4d76b3040;1163;0
bb32db83-b2c4-4174-afdc-1de6175ed928;21;0
5f08984e-2fa7-43b2-8ae4-48d797385eda;1267;1
0af820eb-ce61-42d3-89bb-2d5d901ace9f;11;0
ff4909ad-4e52-4767-a6fc-0fbd76e37857;50;0
ec51ed3e-9c6f-4062-823e-1d9e428a625c;50;0
afa4d533-e700-455e-b5a4-b3a7f095ef86;50;0
135b9515-6ca5-4f46-8102-ecaef3486903;50;0
80233659-f0a0-45e7-bfd3-a2ba7beb54a4;157;0
5b3faee1-336d-4ba4-93b3-b477fbf24a9d;51;0
256b943b-032e-46a5-bb77-faf9ce9aa8cb;51;0
1e80d047-2f12-49f2-a845-ad5bee31e9e3;51;0
f4acbe92-55c0-4c16-9c66-1f9cbefd048d;200;0
3365a4cc-629c-416f-a465-a8a0fabe8416;358;0
ff1ceaef-650c-422b-bdc3-6984e29e7aa5;162;0
17443627-8c8b-4562-b721-471557099bb2;51;0
9a4907a7-d877-46e9-96e0-ff78e937e2d6;1070;0
043c4972-df0d-4181-8b77-dd6c351fdebc;556;0
6e0981f7-186c-4a37-be27-ae4c8c334d6c;52;0
e762c8e7-e90c-4bd7-8827-9a5b4edf41d7;50;0
46f4616d-9979-4166-964f-fe2b4257d6ce;174;0
5c40baff-2e64-4d50-8e92-8adff4372f35;224;0
b64b69ab-d3e9-4471-834e-5811bbd63eee;841;0
bbcba753-7457-4279-89e8-e40d10822a47;202;0
6a377017-ed76-4452-bec0-4653f075a76c;56;0
8901c016-f830-47f9-8664-21d3e94d2be8;60;0
d858e856-5810-4a12-814b-09919af4df88;51;0
ab46072a-c2a3-45bb-bdb7-394e4dec8a38;152;0
e5f3bb32-3724-4a45-b6e6-cda7e92b1853;167;0
0a64ebad-71c5-4552-a973-203900ecb78b;108;0
ce43584a-d042-4096-9070-e488d4092d87;101;0
62dd48da-369c-4ea2-a1fb-835fb98a5f16;204;0
36446919-2d16-4cf2-8169-c9427dd5233f;457;0
034bc7eb-fe02-4931-8d3e-f3f93a138fdb;53;0
9f870ac9-260d-4cbe-9be5-d78c75581e2d;1898;0
192eb74b-3d74-460c-838f-02f374d75096;53;0
690aa456-3c95-4c4c-920c-c8d5503267c3;420;0
f3f9a7ed-2718-46af-97a9-e0459520ea0a;156;0
ace88fec-60db-479a-aa58-805006fdec80;50;0
473f6137-2254-4311-9b83-cf83cc5f53aa;57;0
2136814c-8bee-4139-a4de-f17aed825e0d;51;0
460b6942-5a6f-4055-819e-0171bac02cce;169;0
4319b55f-c6bd-4a0c-b131-f93e287fd499;280;0
45363740-2e94-496a-a0c9-c37f6388ae70;400;0
57bf65d2-cf1e-437d-837a-f9d04396569a;50;0
b02c1234-324c-4a48-8fd0-55dbdc4f4358;151;0
867ef926-f7d7-4fca-9112-39b14e40a86b;103;0
cae8daf2-ffec-4df8-9d80-3bb8be37a43d;259;0
47e3904c-76b7-4349-8d08-8e3eca30725a;953;0
75937f2a-f6c3-41f1-9809-12192e35a843;1;0
ab023995-f99c-4379-b66f-61d051cd9478;51;0
afad9243-3393-41ef-9773-cea02d491e65;1077;0
92593627-9fde-4580-b229-3a324e1fb09a;55;0
04612efc-dc61-4434-90a1-afc1b43767c1;1266;0
086e2af0-4d6c-44f7-a838-e8c1f9b75972;335;0
3ff921b4-df67-4c0a-a191-44bf8cba1fb1;209;0
b786955a-b26b-4813-b157-004eb155beef;59;0
9f9afeaf-46ac-436a-a424-39377e39edb0;0;0
61f0d6e1-f121-4f42-8433-142ad3bcfd26;287;0
d63096cb-7353-42cd-8644-f3392b01dfec;1658;1
1193a378-e1f6-4ca2-b5f4-5862937d8341;203;0
10c08e57-d0b1-4811-8282-9fcc6413468e;951;0
cfe67daa-9f46-4ef5-916d-72ae3e89df79;53;0
6ea54738-7d8b-4f44-b773-b151a5dd8fde;701;0
78616e5c-6326-4d86-8436-3ee940ef95bd;156;0
fb5d27a7-c028-40dd-901f-b246cbedafbe;103;0
aad1fb49-3a21-4093-bc51-d9907650a178;1677;0
a3445e07-4334-416d-a7c0-14fdea46f388;104;0
ca35412d-b340-4e7d-a391-020ec6bb6517;656;1
28ee5b84-b06f-4a1b-b1df-e3d8c3553507;50;0
11e0781f-3ee1-445a-b2be-eebf05094c13;107;0
61c038c4-6556-4cd1-a206-61058d094761;0;0
139e9d7c-0938-49f9-bb11-049f250ba11a;102;0
aaef624b-dcfa-4989-b4d0-02ddde3e8e96;105;0
ca88d19b-795c-431a-9ec8-6a7b8b58ef7e;632;0
94191d62-233a-48ae-98e5-ebb75d2871f3;101;0
cded5da5-0824-46ca-99e3-01e1862ac530;62;0
cf10ac2d-b55a-482a-9565-81ad3b96e76f;105;0
70ad17b1-3fef-47df-a434-39f269a232b5;50;0
41926448-70c0-4dc1-9dd4-cedfa28944c7;50;0
6a0eb008-e19d-4ff9-b058-855cbe5f4208;50;0
4d70919f-e231-428b-9f1e-06f260c06179;0;0
702d2702-8f35-4438-a0fb-e4eb94d76b96;0;0
13d3c3dc-fde0-4cb1-8998-0cef49a16959;593;0
8f936f8b-7d4c-4dd7-a3ea-396903f76ea5;272;0
0cadd654-cb67-45e3-b273-7dae9e863cfe;2;0
30f79b63-cb55-4f95-856e-a111f915204a;622;0
b0fd5c58-2bf4-4ad1-9c40-fa605d59ae52;150;0
3df61998-5b78-45e5-87d3-11404f4699d4;526;0
af2c0be0-4af1-4461-8fbc-a818b70c663f;4;0
78be8975-ce45-48a6-8e37-0fc3afc9fb4a;150;0
57ab0368-19f2-4d0f-84ee-3a39b682a732;257;0
d36bf23c-a112-49a7-83c7-0d9f889312e5;50;0
9349fffa-770c-4a28-89e9-f983678b2351;922;0
5c7be6f8-8502-4200-b492-6bd34f797e95;0;0
55639cdb-de84-4c23-9d07-510ee3b4bb32;1;0
8d5fb78d-b2ce-4e5e-9aea-38d75dc94172;50;0
d15ffaa2-391b-4407-88ff-43589eb70712;50;0
1b56823a-1f42-43ef-9295-a587f2eb9e78;168;0
909c837a-9b67-4378-901b-53626c6aafd4;231;0
80a216dc-0243-4226-b381-3766e4a4aaf2;51;0
9b21d296-0572-4eec-863a-0b57021db331;100;0
0b646b30-63a8-4b05-a3e7-dda3ae39e6b7;751;1
59af0f1b-1c36-48ac-8637-071d7ae05adf;51;0
c3b1dea9-8979-4abe-b4af-28a95bec4fb0;51;0
df9eb5c9-9f32-4a48-8c15-11890ef13695;51;0
4c0ba427-72ce-44b8-8f62-be964e50acdb;983;0
882dbfb5-85a5-4b0c-a0da-f14aa90b9fdd;201;0
79eac19c-774a-449b-b100-497dbd49097c;363;0
240a87a0-b9a1-466e-8bc8-22597c25c9db;124;0
aa5e9ac3-4954-4db9-85d5-1a697c2ae995;5;0
330b87e7-7bef-4ff8-bfa8-a39e2bb8a3ba;51;0
ecfb4335-f033-4dde-b793-4716936bef8b;613;0
6db6ec96-a747-4bdc-89b5-d5c40074f9ef;204;0
17ea8137-9bf2-482c-89fd-8806c87b4c2b;221;0
5b068aee-e72f-42c0-83f9-6c20202a9b57;76;0
9ec45f2e-36cf-4e8f-bbda-3c81f473c67c;0;0
6c6046fd-00f7-45aa-a4e2-3971eab03102;101;0
6313ceac-7806-4d34-aedd-476eed7c853a;576;0
121550d2-c6e5-4e68-b504-ab471ea01e26;351;0
7e0dcc5f-ed92-4408-9f7d-cf89d4d77036;100;0
564ab6da-2ad3-4c5f-9e59-60de8d89fbcc;356;0
a5642436-2231-4e88-b561-fb3b574bdab6;150;0
83486784-ce38-47e1-971d-bba915c4912a;151;0
c33689c7-6dd8-41fd-820b-bd3a22f893a7;51;0
f1ddd929-9d12-48a7-aa62-972fd5386fdf;51;0
9eb20993-ddfc-4db4-9aef-b27a7971419c;50;0
2c0469a7-d8fc-4c5a-887b-e4ef2747e9c5;253;0
3f186dd1-901d-40fb-8a6f-ce8a4b52fe00;50;0
1e9b2055-98fd-43a1-bb4d-139797a6cab3;59;0
b087d9ae-ce5a-4d8e-94ce-df6e107ccbba;50;0
8735c134-df00-42bb-827a-3bb24a7b8d0c;53;0
953a42a0-1021-448d-aa2b-e2c05f978366;56;0
20836d0e-2ec4-498a-9bc3-48fa125105e8;50;0
ac1a9433-7176-439d-ad04-79c17434dcfd;442;0
ee8e68f3-2ed6-4e23-864c-63814a9c4a5e;50;0
fa444d42-a183-471d-a651-389657a89527;51;0
bafbf37c-3d5f-40be-84c7-42eeb703f287;262;0
0d87607b-f4ee-4098-9cfc-1045ac952b43;50;0
4e1e97b7-98a8-4fc4-9f79-7b6dfb173229;320;0
0e38a25b-f8bf-4be3-9f8a-1afe35c77f21;50;0
05bc8281-1c44-4682-a4a0-4726e30340e4;52;0
bb1c2d7b-5511-4034-b290-fdecf2133297;203;0
0d27b42b-e37a-4671-b3b3-b620df5acc49;50;0
b370d9d4-1637-43f2-a7f5-4113a47484c7;50;0
80942cc6-2d1c-4958-b918-a98ac08dc2cd;54;0
da57576e-03fa-48f0-a384-3d89b2d3615b;50;0
e9886ea4-34e9-4fd5-a373-bb215f7396da;50;0
7742b1cd-9a2e-4479-93cd-1bbb24933e3b;0;0
3c6c8395-01c1-4922-bae9-91260baeab59;0;0
e56efbd3-3d43-4021-9a89-189b9ef4aafc;50;0
5da29111-6e83-4038-b39c-1843f838565f;176;0
d564a362-d968-4e94-ae37-a2d4e8b2f3c8;61;0
8ba0952c-973e-4f4f-b88e-605ad09ebd04;50;0
8d97886e-e5da-41cc-a189-989742adb2ca;50;0
10d063a5-4554-415f-a104-9e98bd96465c;50;0
c11a51c4-dce8-4da1-9c3a-2103bcd3ae42;50;0
3ae8fa88-1c7a-4304-94f0-128da10f4a10;357;0
d71889e9-dc1e-4c25-9a2e-d8433fd31314;155;0
5f4fd062-c026-4448-ad38-0a037a6a7520;50;0
0b8af28e-f60a-4afd-9189-1d98980ad275;113;0
f731145b-54e7-406c-a429-050f77b2a1d6;100;0
0d19c800-9723-4aca-b3ba-3cf779044f9b;228;0
d11987b7-dc56-4369-a8ef-f12e01c42370;163;0
928d10a3-7d89-4dcd-bfb8-27a70aa366e9;50;0
2a075a28-ae6a-438c-ba93-e76ab3697a21;51;0
a9e91ab7-87fe-4737-9be2-a6ce486875b2;2;0
dba08899-9fe2-47d8-9ee1-8d32e4e7f231;58;0
1437c12a-1157-4d16-8209-7f380a545269;219;0
7832dda5-b7e9-4ccf-a9f0-8d64543dd0de;50;0
6a26f8cf-64d4-4337-9880-1284a75d2957;451;0
038d7c90-b7c3-46d2-b7ea-3db6fc63d625;50;0
baaf9565-3cc5-4a82-88f4-8f59106c32d2;50;0
88aaaf16-ad27-4ad3-b704-ef431a589efe;103;0
264803ea-c634-41eb-ab17-f1d8f00e7966;50;0
72395a7a-a6ce-4048-92f2-939e00fd424c;51;0
ebf22680-cf48-48e1-81f8-4af61d474ea1;50;0
db922b14-4466-4c74-a70b-e61c31b72055;100;0
940f7f7b-9271-4c66-a3c6-1613cf5ac5b2;108;0
efd39a57-b136-482a-9dc2-325259850d6b;50;0
618af8c9-c566-4633-981d-c1fd47ecd9ba;53;0
f4e13662-c29f-4143-b2fa-d195f20f041d;51;0
04c86a84-0b8c-48ea-9e87-979b337629aa;50;0
a32a9c99-efeb-4408-bb1c-7539219b14b9;50;0
7ec7a82d-2775-4c3a-bfd7-f5b42ac6505b;52;0
056caf66-d67b-449e-8cba-0bab8aca5949;50;0
c31f0279-dc20-4b41-ab04-7be943a8ebf4;50;0
163f05f3-ea16-490e-97d8-bd1b24eac8fe;54;0
14c0e149-f87d-4b0f-9358-2d55d6c21636;50;0
